image_name,condition
0_1.jpg,0
0_11 copy.jpg,0
0_11.jpg,0
0_12.jpg,0
0_13.jpg,0
0_16.jpg,0
0_17.jpg,0
0_18.jpg,0
0_19.jpg,0
0_20.jpg,0
0_22.jpg,0
0_23.jpg,0
0_24.jpg,0
0_26.jpg,0
0_3.jpg,0
0_4.jpg,0
0_5.jpg,0
0_6.jpg,0
0_7.jpg,0
0_8.jpg,0
0_9.jpg,0
101_4_0.jpg,101
103_4_1.jpg,103
10_10.jpg,10
10_2.jpg,10
10_8.jpg,10
155_1_0.jpg,155
157_1_2.jpg,157
160_1_5.jpg,160
161_1_6.jpg,161
163_1_9.jpg,163
165_1_10.jpg,165
166_1_11.jpg,166
169_1_14.jpg,169
170_1_15.jpg,170
174_1_19.jpg,174
176_1_21.jpg,176
177_1_22.jpg,177
178_1_23.jpg,178
180_1_25.jpg,180
182_1_27.jpg,182
184_1_30.jpg,184
192_1_38.jpg,192
194_1_39.jpg,194
195_1_41.jpg,195
196_1_40.jpg,196
197_1_42.jpg,197
1_0.jpg,1
1_11.jpg,1
1_12.jpg,1
1_17.jpg,1
1_22.jpg,1
1_29.jpg,1
1_30.jpg,1
1_32.jpg,1
1_34.jpg,1
1_36.jpg,1
1_40.jpg,1
1_42.jpg,1
1_44.jpg,1
1_5.jpg,1
1_9.jpg,1
2_1 copy.jpg,2
2_1.jpg,2
2_11 copy.jpg,2
2_11.jpg,2
2_12.jpg,2
2_14.jpg,2
2_15.jpg,2
2_17.jpg,2
2_18.jpg,2
2_19.jpg,2
2_20.jpg,2
2_22.jpg,2
2_28.jpg,2
2_29.jpg,2
2_3 copy.jpg,2
2_3.jpg,2
2_30.jpg,2
2_31.jpg,2
2_39.jpg,2
2_4.jpg,2
2_44.jpg,2
2_47.jpg,2
2_48.jpg,2
2_54.jpg,2
2_56.jpg,2
2_57.jpg,2
2_59.jpg,2
2_6.jpg,2
2_8.jpg,2
3_0.jpg,3
3_1 copy.jpg,3
3_1.jpg,3
3_11 copy.jpg,3
3_11.jpg,3
3_13.jpg,3
3_15.jpg,3
3_16.jpg,3
3_2.jpg,3
3_22.jpg,3
3_25.jpg,3
3_3 copy.jpg,3
3_3.jpg,3
3_30.jpg,3
3_4 copy.jpg,3
3_4.jpg,3
3_5.jpg,3
3_6 copy.jpg,3
3_6.jpg,3
3_8.jpg,3
3_9 copy.jpg,3
3_9.jpg,3
4_1.jpg,4
4_11.jpg,4
4_12.jpg,4
4_13.jpg,4
4_14.jpg,4
4_16 copy.jpg,4
4_16.jpg,4
4_17.jpg,4
4_18 copy.jpg,4
4_18.jpg,4
4_19.jpg,4
4_21 copy.jpg,4
4_21.jpg,4
4_22.jpg,4
4_24.jpg,4
4_31.jpg,4
4_32.jpg,4
4_33.jpg,4
4_40.jpg,4
4_48.jpg,4
4_5.jpg,4
4_51.jpg,4
4_55.jpg,4
4_59.jpg,4
4_60.jpg,4
4_63.jpg,4
4_68.jpg,4
4_69.jpg,4
4_7.jpg,4
4_71.jpg,4
4_72.jpg,4
4_77.jpg,4
4_79.jpg,4
4_8.jpg,4
4_9.jpg,4
5_0.jpg,5
5_10.jpg,5
5_11.jpg,5
5_12.jpg,5
5_17.jpg,5
5_18.jpg,5
5_2.jpg,5
5_21.jpg,5
5_4.jpg,5
5_6.jpg,5
5_7.jpg,5
5_8.jpg,5
6_0.jpg,6
6_1.jpg,6
6_11 copy.jpg,6
6_11.jpg,6
6_13.jpg,6
6_14.jpg,6
6_15.jpg,6
6_16.jpg,6
6_18.jpg,6
6_2.jpg,6
6_21.jpg,6
6_26.jpg,6
6_28.jpg,6
6_3 copy.jpg,6
6_3.jpg,6
6_30.jpg,6
6_34.jpg,6
6_35.jpg,6
6_37.jpg,6
6_4 copy.jpg,6
6_4.jpg,6
6_42.jpg,6
6_5.jpg,6
7_0.jpg,7
7_13.jpg,7
7_14 copy.jpg,7
7_14.jpg,7
7_15.jpg,7
7_16.jpg,7
7_17.jpg,7
7_19.jpg,7
7_2.jpg,7
7_3.jpg,7
7_5 copy.jpg,7
7_5.jpg,7
7_6.jpg,7
7_7 copy.jpg,7
7_7.jpg,7
7_8.jpg,7
7_9 copy.jpg,7
7_9.jpg,7
8_0.jpg,8
8_1.jpg,8
8_11.jpg,8
8_19.jpg,8
8_21.jpg,8
8_25.jpg,8
8_26.jpg,8
8_9.jpg,8
9_4.jpg,9
t-03AngularCheilitis.jpg,angular_cheilitis
t-03ContactDerm040127.jpg,contact_derm
t-03ContactDerm050127.jpg,contact_derm
t-07GiantComedone.jpg,giant_comedone
t-13Balanitis.jpg,balanitis
t-13Balanitis1.jpg,balanitis
t-13Candida040701.jpg,candida
t-13CandidaAxillae020210.jpg,candida_axillae
t-13CandidaAxillae071204.jpg,candida_axillae
t-13CandidaBreast.jpg,candida_breast
t-13CandidaBreast030804.jpg,candida_breast
t-13candidaGranuloma9653-GP3.jpg,candida_granuloma
t-13candidaIntertrigo022006.jpg,candida_intertrigo
t-13candidaTongue0123061.jpg,candida_tongue
t-13CandidaVulva072103.jpg,candida_vulva
t-13CandidaVulva072104.jpg,candida_vulva
t-13Fissure042604.jpg,fissure
t-13Fissure0426041.jpg,fissure
t-13IntertirgoRxSteroids090101.jpg,intertirgo_rx
t-13IntertirgoRxSteroids090102.jpg,intertirgo_rx
t-13intertrigo121905.jpg,intertrigo
t-13intertrigo1219052.jpg,intertrigo
t-13intertrigoBreast0519.jpg,intertrigo_breast
t-13IntertrigoBreast052504.jpg,intertrigo_breast
t-13IntertrigoGluteal.jpg,intertrigo_gluteal
t-13IntertrigoGroin.jpg,intertrigo_groin
t-13intertrigoGroin082106.jpg,intertrigo_groin
t-13intertrigoGroin0821061.jpg,intertrigo_groin
t-13IntertrigoPenis2w.jpg,intertrigo_penis
t-13IntertrigoPenis3.jpg,intertrigo_penis
t-13IntertrigoVulva.jpg,intertrigo_vulva
t-13Perleche.jpg,perleche
t-13perleche0102061.jpg,perleche
t-13perleche0126.jpg,perleche
t-13TineaAcute.jpg,tinea_acute
t-13TineaAnkle5.jpg,tinea_ankle
t-13tineaCApitis98-GP3.jpg,tinea_capitis
t-13tineaCorporis0609010.jpg,tinea_corporis
t-13tineaCorporis0609011.jpg,tinea_corporis
t-13tineaCorporis0808054.jpg,tinea_corporis
t-13tineaCorporis0808059.jpg,tinea_corporis
t-13tineaFeet052305.jpg,tinea_feet
t-13tineaFeet0523051.jpg,tinea_feet
t-13TineaGroin143.jpg,tinea_groin
t-13TineaGroin34.jpg,tinea_groin
t-13TineaGroinBorder.jpg,tinea_groin
t-13tineaPed121905.jpg,tinea_ped
t-13TineaScalp010504.jpg,tinea_scalp
t-13TineaScalpMCanis060704.jpg,tinea_scalp
t-13tineaVersicolor041706.jpg,tinea_versicolor
t-20cystAnal053104.jpg,cyst_anal
t-20cystAnal0531041.jpg,cyst_anal
t-20CystClearFluid.jpg,cyst_clear
t-20EpidermCystRuptured.jpg,epiderm_cyst
t-20PilarCyst0825.jpg,pilar_cyst
t-20PilarCyst1.jpg,pilar_cyst
t-20RupturedCyst.jpg,ruptured_cyst
t-20SebNevus0216.jpg,seb_nevus
t-20SebNevus02161.jpg,seb_nevus
t-25IMG013.jpg,img
t-accessory-nipple-1.jpg,accessory_nipple
t-accessory-nipple-10.jpg,accessory_nipple
t-accessory-nipple-3.jpg,accessory_nipple
t-accessory-nipple-4.jpg,accessory_nipple
t-accessory-nipple-5.jpg,accessory_nipple
t-accessory-nipple-6.jpg,accessory_nipple
t-accessory-nipple-8.jpg,accessory_nipple
t-accessory-nipple-9.jpg,accessory_nipple
t-accessory-trachus-1.jpg,accessory_trachus
t-accessory-trachus-2.jpg,accessory_trachus
t-accessory-trachus-3.jpg,accessory_trachus
t-accessory-trachus-4.jpg,accessory_trachus
t-accessory-trachus-5.jpg,accessory_trachus
t-acquired-digital-fibrokeratoma-2.jpg,acquired_digital
t-acquired-digital-fibrokeratoma-5.jpg,acquired_digital
t-acquired-digital-fibrokeratoma-6.jpg,acquired_digital
t-acquired-digital-fibrokeratoma-7.jpg,acquired_digital
t-actinomycosis-2.jpg,actinomycosis
t-atypical-fibroxanthoma-1.jpg,atypical_fibroxanthoma
t-atypical-fibroxanthoma-2.jpg,atypical_fibroxanthoma
t-calcifying-epithelioma-2.jpg,calcifying_epithelioma
t-calcifying-epithelioma-4.jpg,calcifying_epithelioma
t-calcifying-epithelioma-5.jpg,calcifying_epithelioma
t-calcifying-epithelioma-6.jpg,calcifying_epithelioma
t-calcifying-epithelioma-7.jpg,calcifying_epithelioma
t-candida-groin-10.jpg,candida_groin
t-candida-groin-13.jpg,candida_groin
t-candida-groin-14.jpg,candida_groin
t-candida-groin-15.jpg,candida_groin
t-candida-groin-16.jpg,candida_groin
t-candida-groin-3.jpg,candida_groin
t-candida-groin-5.jpg,candida_groin
t-candida-groin-6.jpg,candida_groin
t-candida-groin-7.jpg,candida_groin
t-candida-groin-8.jpg,candida_groin
t-candida-penis-10.jpg,candida_penis
t-candida-penis-11.jpg,candida_penis
t-candida-penis-12.jpg,candida_penis
t-candida-penis-13.jpg,candida_penis
t-candida-penis-14.jpg,candida_penis
t-candida-penis-17.jpg,candida_penis
t-candida-penis-18.jpg,candida_penis
t-candida-penis-19.jpg,candida_penis
t-candida-penis-2.jpg,candida_penis
t-candida-penis-21.jpg,candida_penis
t-candida-penis-22.jpg,candida_penis
t-candida-penis-23.jpg,candida_penis
t-candida-penis-24.jpg,candida_penis
t-candida-penis-25.jpg,candida_penis
t-candida-penis-26.jpg,candida_penis
t-candida-penis-28.jpg,candida_penis
t-candida-penis-29.jpg,candida_penis
t-candida-penis-3.jpg,candida_penis
t-candida-penis-30.jpg,candida_penis
t-candida-penis-31.jpg,candida_penis
t-candida-penis-32.jpg,candida_penis
t-candida-penis-34.jpg,candida_penis
t-candida-penis-36.jpg,candida_penis
t-candida-penis-37.jpg,candida_penis
t-candida-penis-38.jpg,candida_penis
t-candida-penis-39.jpg,candida_penis
t-candida-penis-4.jpg,candida_penis
t-candida-penis-40.jpg,candida_penis
t-candida-penis-41.jpg,candida_penis
t-candida-penis-42.jpg,candida_penis
t-candida-penis-43.jpg,candida_penis
t-candida-penis-44.jpg,candida_penis
t-candida-penis-47.jpg,candida_penis
t-candida-penis-48.jpg,candida_penis
t-candida-penis-49.jpg,candida_penis
t-candida-penis-5.jpg,candida_penis
t-candida-penis-50.jpg,candida_penis
t-candida-penis-51.jpg,candida_penis
t-candida-penis-54.jpg,candida_penis
t-candida-penis-55.jpg,candida_penis
t-candida-penis-56.jpg,candida_penis
t-candida-penis-6.jpg,candida_penis
t-candida-penis-7.jpg,candida_penis
t-Candida-penis-765.jpg,candida_penis
t-candida-penis-9.jpg,candida_penis
t-candidiasis-chronic-mucocutaneous-1.jpg,candidiasis_chronic
t-candidiasis-chronic-mucocutaneous-2.jpg,candidiasis_chronic
t-candidiasis-diaper-1.jpg,candidiasis_diaper
t-candidiasis-diaper-12.jpg,candidiasis_diaper
t-candidiasis-diaper-13.jpg,candidiasis_diaper
t-candidiasis-diaper-14.jpg,candidiasis_diaper
t-candidiasis-diaper-16.jpg,candidiasis_diaper
t-candidiasis-diaper-17.jpg,candidiasis_diaper
t-candidiasis-diaper-18.jpg,candidiasis_diaper
t-candidiasis-diaper-19.jpg,candidiasis_diaper
t-candidiasis-diaper-2.jpg,candidiasis_diaper
t-candidiasis-diaper-20.jpg,candidiasis_diaper
t-candidiasis-diaper-21.jpg,candidiasis_diaper
t-candidiasis-diaper-23.jpg,candidiasis_diaper
t-candidiasis-diaper-25.jpg,candidiasis_diaper
t-candidiasis-diaper-26.jpg,candidiasis_diaper
t-candidiasis-diaper-27.jpg,candidiasis_diaper
t-candidiasis-diaper-28.jpg,candidiasis_diaper
t-candidiasis-diaper-29.jpg,candidiasis_diaper
t-candidiasis-diaper-3.jpg,candidiasis_diaper
t-candidiasis-diaper-30.jpg,candidiasis_diaper
t-candidiasis-diaper-31.jpg,candidiasis_diaper
t-candidiasis-diaper-6.jpg,candidiasis_diaper
t-candidiasis-diaper-8.jpg,candidiasis_diaper
t-candidiasis-diaper-9.jpg,candidiasis_diaper
t-candidiasis-large-skin-folds-1.jpg,candidiasis_large
t-candidiasis-large-skin-folds-10.jpg,candidiasis_large
t-candidiasis-large-skin-folds-103.jpg,candidiasis_large
t-candidiasis-large-skin-folds-104.jpg,candidiasis_large
t-candidiasis-large-skin-folds-105.jpg,candidiasis_large
t-candidiasis-large-skin-folds-108.jpg,candidiasis_large
t-candidiasis-large-skin-folds-109.jpg,candidiasis_large
t-candidiasis-large-skin-folds-11.jpg,candidiasis_large
t-candidiasis-large-skin-folds-111.jpg,candidiasis_large
t-candidiasis-large-skin-folds-112.jpg,candidiasis_large
t-candidiasis-large-skin-folds-113.jpg,candidiasis_large
t-candidiasis-large-skin-folds-114.jpg,candidiasis_large
t-candidiasis-large-skin-folds-116.jpg,candidiasis_large
t-candidiasis-large-skin-folds-117.jpg,candidiasis_large
t-candidiasis-large-skin-folds-118.jpg,candidiasis_large
t-candidiasis-large-skin-folds-119.jpg,candidiasis_large
t-candidiasis-large-skin-folds-12.jpg,candidiasis_large
t-candidiasis-large-skin-folds-122.jpg,candidiasis_large
t-candidiasis-large-skin-folds-124.jpg,candidiasis_large
t-candidiasis-large-skin-folds-125.jpg,candidiasis_large
t-candidiasis-large-skin-folds-127.jpg,candidiasis_large
t-candidiasis-large-skin-folds-128.jpg,candidiasis_large
t-candidiasis-large-skin-folds-129.jpg,candidiasis_large
t-candidiasis-large-skin-folds-13.jpg,candidiasis_large
t-candidiasis-large-skin-folds-130.jpg,candidiasis_large
t-candidiasis-large-skin-folds-131.jpg,candidiasis_large
t-candidiasis-large-skin-folds-132.jpg,candidiasis_large
t-candidiasis-large-skin-folds-134.jpg,candidiasis_large
t-candidiasis-large-skin-folds-135.jpg,candidiasis_large
t-candidiasis-large-skin-folds-136.jpg,candidiasis_large
t-candidiasis-large-skin-folds-137.jpg,candidiasis_large
t-candidiasis-large-skin-folds-138.jpg,candidiasis_large
t-candidiasis-large-skin-folds-139.jpg,candidiasis_large
t-candidiasis-large-skin-folds-14.jpg,candidiasis_large
t-candidiasis-large-skin-folds-140.jpg,candidiasis_large
t-candidiasis-large-skin-folds-141.jpg,candidiasis_large
t-candidiasis-large-skin-folds-142.jpg,candidiasis_large
t-candidiasis-large-skin-folds-143.jpg,candidiasis_large
t-candidiasis-large-skin-folds-144.jpg,candidiasis_large
t-candidiasis-large-skin-folds-145.jpg,candidiasis_large
t-candidiasis-large-skin-folds-146.jpg,candidiasis_large
t-candidiasis-large-skin-folds-148.jpg,candidiasis_large
t-candidiasis-large-skin-folds-149.jpg,candidiasis_large
t-candidiasis-large-skin-folds-15.jpg,candidiasis_large
t-candidiasis-large-skin-folds-150.jpg,candidiasis_large
t-candidiasis-large-skin-folds-151.jpg,candidiasis_large
t-candidiasis-large-skin-folds-153.jpg,candidiasis_large
t-candidiasis-large-skin-folds-154.jpg,candidiasis_large
t-candidiasis-large-skin-folds-155.jpg,candidiasis_large
t-candidiasis-large-skin-folds-156.jpg,candidiasis_large
t-candidiasis-large-skin-folds-157.jpg,candidiasis_large
t-candidiasis-large-skin-folds-158.jpg,candidiasis_large
t-candidiasis-large-skin-folds-159.jpg,candidiasis_large
t-candidiasis-large-skin-folds-161.jpg,candidiasis_large
t-candidiasis-large-skin-folds-162.jpg,candidiasis_large
t-candidiasis-large-skin-folds-163.jpg,candidiasis_large
t-candidiasis-large-skin-folds-164.jpg,candidiasis_large
t-candidiasis-large-skin-folds-165.jpg,candidiasis_large
t-candidiasis-large-skin-folds-166.jpg,candidiasis_large
t-candidiasis-large-skin-folds-167.jpg,candidiasis_large
t-candidiasis-large-skin-folds-168.jpg,candidiasis_large
t-candidiasis-large-skin-folds-169.jpg,candidiasis_large
t-candidiasis-large-skin-folds-17.jpg,candidiasis_large
t-candidiasis-large-skin-folds-170.jpg,candidiasis_large
t-candidiasis-large-skin-folds-171.jpg,candidiasis_large
t-candidiasis-large-skin-folds-173.jpg,candidiasis_large
t-candidiasis-large-skin-folds-174.jpg,candidiasis_large
t-candidiasis-large-skin-folds-175.jpg,candidiasis_large
t-candidiasis-large-skin-folds-176.jpg,candidiasis_large
t-candidiasis-large-skin-folds-177.jpg,candidiasis_large
t-candidiasis-large-skin-folds-179.jpg,candidiasis_large
t-candidiasis-large-skin-folds-18.jpg,candidiasis_large
t-candidiasis-large-skin-folds-180.jpg,candidiasis_large
t-candidiasis-large-skin-folds-181.jpg,candidiasis_large
t-candidiasis-large-skin-folds-182.jpg,candidiasis_large
t-candidiasis-large-skin-folds-183.jpg,candidiasis_large
t-candidiasis-large-skin-folds-184.jpg,candidiasis_large
t-candidiasis-large-skin-folds-185.jpg,candidiasis_large
t-candidiasis-large-skin-folds-19.jpg,candidiasis_large
t-candidiasis-large-skin-folds-2.jpg,candidiasis_large
t-candidiasis-large-skin-folds-86.jpg,candidiasis_large
t-candidiasis-large-skin-folds-87.jpg,candidiasis_large
t-candidiasis-large-skin-folds-89.jpg,candidiasis_large
t-candidiasis-large-skin-folds-9.jpg,candidiasis_large
t-candidiasis-large-skin-folds-90.jpg,candidiasis_large
t-candidiasis-large-skin-folds-91.jpg,candidiasis_large
t-candidiasis-large-skin-folds-92.jpg,candidiasis_large
t-candidiasis-large-skin-folds-93.jpg,candidiasis_large
t-candidiasis-large-skin-folds-95.jpg,candidiasis_large
t-candidiasis-large-skin-folds-97.jpg,candidiasis_large
t-candidiasis-large-skin-folds-98.jpg,candidiasis_large
t-candidiasis-large-skin-folds-99.jpg,candidiasis_large
t-candidiasis-mouth-1.jpg,candidiasis_mouth
t-candidiasis-mouth-10.jpg,candidiasis_mouth
t-candidiasis-mouth-12.jpg,candidiasis_mouth
t-candidiasis-mouth-14.jpg,candidiasis_mouth
t-candidiasis-mouth-15.jpg,candidiasis_mouth
t-candidiasis-mouth-16.jpg,candidiasis_mouth
t-candidiasis-mouth-3.jpg,candidiasis_mouth
t-candidiasis-mouth-4.jpg,candidiasis_mouth
t-candidiasis-mouth-6.jpg,candidiasis_mouth
t-candidiasis-mouth-7.jpg,candidiasis_mouth
t-candidiasis-mouth-8.jpg,candidiasis_mouth
t-candidiasis-mouth-9.jpg,candidiasis_mouth
t-candidiasis-vaginal-1.jpg,candidiasis_vaginal
t-candidiasis-vaginal-10.jpg,candidiasis_vaginal
t-candidiasis-vaginal-3.jpg,candidiasis_vaginal
t-candidiasis-vaginal-4.jpg,candidiasis_vaginal
t-candidiasis-vaginal-5.jpg,candidiasis_vaginal
t-candidiasis-vaginal-6.jpg,candidiasis_vaginal
t-candidiasis-vaginal-8.jpg,candidiasis_vaginal
t-chondrodermatitis-nodularis-1.jpg,chondrodermatitis_nodularis
t-chondrodermatitis-nodularis-10.jpg,chondrodermatitis_nodularis
t-chondrodermatitis-nodularis-11.jpg,chondrodermatitis_nodularis
t-chondrodermatitis-nodularis-12.jpg,chondrodermatitis_nodularis
t-chondrodermatitis-nodularis-13.jpg,chondrodermatitis_nodularis
t-chondrodermatitis-nodularis-14.jpg,chondrodermatitis_nodularis
t-chondrodermatitis-nodularis-15.jpg,chondrodermatitis_nodularis
t-chondrodermatitis-nodularis-16.jpg,chondrodermatitis_nodularis
t-chondrodermatitis-nodularis-17.jpg,chondrodermatitis_nodularis
t-chondrodermatitis-nodularis-18.jpg,chondrodermatitis_nodularis
t-chondrodermatitis-nodularis-19.jpg,chondrodermatitis_nodularis
t-chondrodermatitis-nodularis-2.jpg,chondrodermatitis_nodularis
t-chondrodermatitis-nodularis-21.jpg,chondrodermatitis_nodularis
t-chondrodermatitis-nodularis-22.jpg,chondrodermatitis_nodularis
t-chondrodermatitis-nodularis-23.jpg,chondrodermatitis_nodularis
t-chondrodermatitis-nodularis-24.jpg,chondrodermatitis_nodularis
t-chondrodermatitis-nodularis-25.jpg,chondrodermatitis_nodularis
t-chondrodermatitis-nodularis-26.jpg,chondrodermatitis_nodularis
t-chondrodermatitis-nodularis-3.jpg,chondrodermatitis_nodularis
t-chondrodermatitis-nodularis-30.jpg,chondrodermatitis_nodularis
t-chondrodermatitis-nodularis-32.jpg,chondrodermatitis_nodularis
t-chondrodermatitis-nodularis-33.jpg,chondrodermatitis_nodularis
t-chondrodermatitis-nodularis-34.jpg,chondrodermatitis_nodularis
t-chondrodermatitis-nodularis-35.jpg,chondrodermatitis_nodularis
t-chondrodermatitis-nodularis-36.jpg,chondrodermatitis_nodularis
t-chondrodermatitis-nodularis-37.jpg,chondrodermatitis_nodularis
t-chondrodermatitis-nodularis-39.jpg,chondrodermatitis_nodularis
t-chondrodermatitis-nodularis-4.jpg,chondrodermatitis_nodularis
t-chondrodermatitis-nodularis-40.jpg,chondrodermatitis_nodularis
t-chondrodermatitis-nodularis-43.jpg,chondrodermatitis_nodularis
t-chondrodermatitis-nodularis-44.jpg,chondrodermatitis_nodularis
t-chondrodermatitis-nodularis-45.jpg,chondrodermatitis_nodularis
t-chondrodermatitis-nodularis-46.jpg,chondrodermatitis_nodularis
t-chondrodermatitis-nodularis-47.jpg,chondrodermatitis_nodularis
t-chondrodermatitis-nodularis-49.jpg,chondrodermatitis_nodularis
t-chondrodermatitis-nodularis-5.jpg,chondrodermatitis_nodularis
t-chondrodermatitis-nodularis-50.jpg,chondrodermatitis_nodularis
t-chondrodermatitis-nodularis-51.jpg,chondrodermatitis_nodularis
t-chondrodermatitis-nodularis-52.jpg,chondrodermatitis_nodularis
t-chondrodermatitis-nodularis-54.jpg,chondrodermatitis_nodularis
t-chondrodermatitis-nodularis-55.jpg,chondrodermatitis_nodularis
t-chondrodermatitis-nodularis-56.jpg,chondrodermatitis_nodularis
t-chondrodermatitis-nodularis-57.jpg,chondrodermatitis_nodularis
t-chondrodermatitis-nodularis-58.jpg,chondrodermatitis_nodularis
t-chondrodermatitis-nodularis-59.jpg,chondrodermatitis_nodularis
t-chondrodermatitis-nodularis-60.jpg,chondrodermatitis_nodularis
t-chondrodermatitis-nodularis-61.jpg,chondrodermatitis_nodularis
t-chondrodermatitis-nodularis-62.jpg,chondrodermatitis_nodularis
t-chondrodermatitis-nodularis-63.jpg,chondrodermatitis_nodularis
t-chondrodermatitis-nodularis-64.jpg,chondrodermatitis_nodularis
t-chondrodermatitis-nodularis-67.jpg,chondrodermatitis_nodularis
t-chondrodermatitis-nodularis-68.jpg,chondrodermatitis_nodularis
t-chondrodermatitis-nodularis-69.jpg,chondrodermatitis_nodularis
t-chondrodermatitis-nodularis-7.jpg,chondrodermatitis_nodularis
t-chondrodermatitis-nodularis-70.jpg,chondrodermatitis_nodularis
t-chondrodermatitis-nodularis-72.jpg,chondrodermatitis_nodularis
t-chondrodermatitis-nodularis-73.jpg,chondrodermatitis_nodularis
t-chondrodermatitis-nodularis-74.jpg,chondrodermatitis_nodularis
t-chondrodermatitis-nodularis-75.jpg,chondrodermatitis_nodularis
t-chondrodermatitis-nodularis-76.jpg,chondrodermatitis_nodularis
t-chondrodermatitis-nodularis-77.jpg,chondrodermatitis_nodularis
t-chondrodermatitis-nodularis-78.jpg,chondrodermatitis_nodularis
t-chondrodermatitis-nodularis-8.jpg,chondrodermatitis_nodularis
t-chondrodermatitis-nodularis-9.jpg,chondrodermatitis_nodularis
t-coccidiomycosis-1.jpg,coccidiomycosis
t-coccidiomycosis-2.jpg,coccidiomycosis
t-coccidiomycosis-3.jpg,coccidiomycosis
t-coccidiomycosis-5.jpg,coccidiomycosis
t-confluent-reticulate-papillomatosis-1.jpg,confluent_reticulate
t-confluent-reticulate-papillomatosis-3.jpg,confluent_reticulate
t-confluent-reticulate-papillomatosis-6.jpg,confluent_reticulate
t-confluent-reticulate-papillomatosis-7.jpg,confluent_reticulate
t-connective-tissue-nevus-1.jpg,connective_tissue
t-connective-tissue-nevus-2.jpg,connective_tissue
t-cylindroma-1.jpg,cylindroma
t-cylindroma-11.jpg,cylindroma
t-cylindroma-12.jpg,cylindroma
t-cylindroma-13.jpg,cylindroma
t-cylindroma-14.jpg,cylindroma
t-cylindroma-15.jpg,cylindroma
t-cylindroma-3.jpg,cylindroma
t-cylindroma-5.jpg,cylindroma
t-cylindroma-6.jpg,cylindroma
t-cylindroma-7.jpg,cylindroma
t-cylindroma-8.jpg,cylindroma
t-cylindroma-9.jpg,cylindroma
t-dermatofibroma-10.jpg,dermatofibroma
t-dermatofibroma-100.jpg,dermatofibroma
t-dermatofibroma-101.jpg,dermatofibroma
t-dermatofibroma-102.jpg,dermatofibroma
t-dermatofibroma-103.jpg,dermatofibroma
t-dermatofibroma-104.jpg,dermatofibroma
t-dermatofibroma-107.jpg,dermatofibroma
t-dermatofibroma-11.jpg,dermatofibroma
t-dermatofibroma-110.jpg,dermatofibroma
t-dermatofibroma-111.jpg,dermatofibroma
t-dermatofibroma-113.jpg,dermatofibroma
t-dermatofibroma-114.jpg,dermatofibroma
t-dermatofibroma-115.jpg,dermatofibroma
t-dermatofibroma-116.jpg,dermatofibroma
t-dermatofibroma-118.jpg,dermatofibroma
t-dermatofibroma-119.jpg,dermatofibroma
t-dermatofibroma-12.jpg,dermatofibroma
t-dermatofibroma-120.jpg,dermatofibroma
t-dermatofibroma-121.jpg,dermatofibroma
t-dermatofibroma-124.jpg,dermatofibroma
t-dermatofibroma-125.jpg,dermatofibroma
t-dermatofibroma-126.jpg,dermatofibroma
t-dermatofibroma-127.jpg,dermatofibroma
t-dermatofibroma-128.jpg,dermatofibroma
t-dermatofibroma-129.jpg,dermatofibroma
t-dermatofibroma-13.jpg,dermatofibroma
t-dermatofibroma-130.jpg,dermatofibroma
t-dermatofibroma-131.jpg,dermatofibroma
t-dermatofibroma-132.jpg,dermatofibroma
t-dermatofibroma-134.jpg,dermatofibroma
t-dermatofibroma-136.jpg,dermatofibroma
t-dermatofibroma-137.jpg,dermatofibroma
t-dermatofibroma-14.jpg,dermatofibroma
t-dermatofibroma-15.jpg,dermatofibroma
t-dermatofibroma-2.jpg,dermatofibroma
t-dermatofibroma-20.jpg,dermatofibroma
t-dermatofibroma-21.jpg,dermatofibroma
t-dermatofibroma-22.jpg,dermatofibroma
t-dermatofibroma-23.jpg,dermatofibroma
t-dermatofibroma-24.jpg,dermatofibroma
t-dermatofibroma-25.jpg,dermatofibroma
t-dermatofibroma-26.jpg,dermatofibroma
t-dermatofibroma-28.jpg,dermatofibroma
t-dermatofibroma-29.jpg,dermatofibroma
t-dermatofibroma-3.jpg,dermatofibroma
t-dermatofibroma-30.jpg,dermatofibroma
t-dermatofibroma-31.jpg,dermatofibroma
t-dermatofibroma-32.jpg,dermatofibroma
t-dermatofibroma-33.jpg,dermatofibroma
t-dermatofibroma-34.jpg,dermatofibroma
t-dermatofibroma-35.jpg,dermatofibroma
t-dermatofibroma-36.jpg,dermatofibroma
t-dermatofibroma-37.jpg,dermatofibroma
t-dermatofibroma-38.jpg,dermatofibroma
t-dermatofibroma-40.jpg,dermatofibroma
t-dermatofibroma-41.jpg,dermatofibroma
t-dermatofibroma-42.jpg,dermatofibroma
t-dermatofibroma-43.jpg,dermatofibroma
t-dermatofibroma-44.jpg,dermatofibroma
t-dermatofibroma-46.jpg,dermatofibroma
t-dermatofibroma-49.jpg,dermatofibroma
t-dermatofibroma-5.jpg,dermatofibroma
t-dermatofibroma-51.jpg,dermatofibroma
t-dermatofibroma-53.jpg,dermatofibroma
t-dermatofibroma-54.jpg,dermatofibroma
t-dermatofibroma-55.jpg,dermatofibroma
t-dermatofibroma-56.jpg,dermatofibroma
t-dermatofibroma-57.jpg,dermatofibroma
t-dermatofibroma-59.jpg,dermatofibroma
t-dermatofibroma-6.jpg,dermatofibroma
t-dermatofibroma-60.jpg,dermatofibroma
t-dermatofibroma-61.jpg,dermatofibroma
t-dermatofibroma-62.jpg,dermatofibroma
t-dermatofibroma-63.jpg,dermatofibroma
t-dermatofibroma-64.jpg,dermatofibroma
t-dermatofibroma-65.jpg,dermatofibroma
t-dermatofibroma-66.jpg,dermatofibroma
t-dermatofibroma-68.jpg,dermatofibroma
t-dermatofibroma-69.jpg,dermatofibroma
t-dermatofibroma-7.jpg,dermatofibroma
t-dermatofibroma-70.jpg,dermatofibroma
t-dermatofibroma-71.jpg,dermatofibroma
t-dermatofibroma-72.jpg,dermatofibroma
t-dermatofibroma-73.jpg,dermatofibroma
t-dermatofibroma-75.jpg,dermatofibroma
t-dermatofibroma-76.jpg,dermatofibroma
t-dermatofibroma-78.jpg,dermatofibroma
t-dermatofibroma-79.jpg,dermatofibroma
t-dermatofibroma-8.jpg,dermatofibroma
t-dermatofibroma-80.jpg,dermatofibroma
t-dermatofibroma-81.jpg,dermatofibroma
t-dermatofibroma-83.jpg,dermatofibroma
t-dermatofibroma-84.jpg,dermatofibroma
t-dermatofibroma-85.jpg,dermatofibroma
t-dermatofibroma-88.jpg,dermatofibroma
t-dermatofibroma-89.jpg,dermatofibroma
t-dermatofibroma-90.jpg,dermatofibroma
t-dermatofibroma-91.jpg,dermatofibroma
t-dermatofibroma-92.jpg,dermatofibroma
t-dermatofibroma-94.jpg,dermatofibroma
t-dermatofibroma-95.jpg,dermatofibroma
t-dermatofibroma-97.jpg,dermatofibroma
t-dermatofibroma-98.jpg,dermatofibroma
t-dermatosis-papulosa-nigra-1.jpg,dermatosis_papulosa
t-dermatosis-papulosa-nigra-2.jpg,dermatosis_papulosa
t-dermatosis-papulosa-nigra-3.jpg,dermatosis_papulosa
t-dermatosis-papulosa-nigra-5.jpg,dermatosis_papulosa
t-dermatosis-papulosa-nigra-6.jpg,dermatosis_papulosa
t-dermatosis-papulosa-nigra-7.jpg,dermatosis_papulosa
t-dermatosis-papulosa-nigra-8.jpg,dermatosis_papulosa
t-eccrine-spiradenoma-1.jpg,eccrine_spiradenoma
t-eccrine-spiradenoma-2.jpg,eccrine_spiradenoma
t-eccrine-spiradenoma-3.jpg,eccrine_spiradenoma
t-endometriosis-1.jpg,endometriosis
t-endometriosis-2.jpg,endometriosis
t-epidermal-cyst-1.jpg,epidermal_cyst
t-epidermal-cyst-10.jpg,epidermal_cyst
t-epidermal-cyst-100.jpg,epidermal_cyst
t-epidermal-cyst-101.jpg,epidermal_cyst
t-epidermal-cyst-102.jpg,epidermal_cyst
t-epidermal-cyst-103.jpg,epidermal_cyst
t-epidermal-cyst-104.jpg,epidermal_cyst
t-epidermal-cyst-105.jpg,epidermal_cyst
t-epidermal-cyst-107.jpg,epidermal_cyst
t-epidermal-cyst-11.jpg,epidermal_cyst
t-epidermal-cyst-110.jpg,epidermal_cyst
t-epidermal-cyst-111.jpg,epidermal_cyst
t-epidermal-cyst-112.jpg,epidermal_cyst
t-epidermal-cyst-113.jpg,epidermal_cyst
t-epidermal-cyst-114.jpg,epidermal_cyst
t-epidermal-cyst-115.jpg,epidermal_cyst
t-epidermal-cyst-116.jpg,epidermal_cyst
t-epidermal-cyst-117.jpg,epidermal_cyst
t-epidermal-cyst-118.jpg,epidermal_cyst
t-epidermal-cyst-119.jpg,epidermal_cyst
t-epidermal-cyst-120.jpg,epidermal_cyst
t-epidermal-cyst-121.jpg,epidermal_cyst
t-epidermal-cyst-122.jpg,epidermal_cyst
t-epidermal-cyst-124.jpg,epidermal_cyst
t-epidermal-cyst-125.jpg,epidermal_cyst
t-epidermal-cyst-127.jpg,epidermal_cyst
t-epidermal-cyst-128.jpg,epidermal_cyst
t-epidermal-cyst-129.jpg,epidermal_cyst
t-epidermal-cyst-13.jpg,epidermal_cyst
t-epidermal-cyst-130.jpg,epidermal_cyst
t-epidermal-cyst-132.jpg,epidermal_cyst
t-epidermal-cyst-133.jpg,epidermal_cyst
t-epidermal-cyst-135.jpg,epidermal_cyst
t-epidermal-cyst-137.jpg,epidermal_cyst
t-epidermal-cyst-138.jpg,epidermal_cyst
t-epidermal-cyst-139.jpg,epidermal_cyst
t-epidermal-cyst-140.jpg,epidermal_cyst
t-epidermal-cyst-141.jpg,epidermal_cyst
t-epidermal-cyst-143.jpg,epidermal_cyst
t-epidermal-cyst-144.jpg,epidermal_cyst
t-epidermal-cyst-145.jpg,epidermal_cyst
t-epidermal-cyst-146.jpg,epidermal_cyst
t-epidermal-cyst-147.jpg,epidermal_cyst
t-epidermal-cyst-148.jpg,epidermal_cyst
t-epidermal-cyst-149.jpg,epidermal_cyst
t-epidermal-cyst-15.jpg,epidermal_cyst
t-epidermal-cyst-150.jpg,epidermal_cyst
t-epidermal-cyst-151.jpg,epidermal_cyst
t-epidermal-cyst-152.jpg,epidermal_cyst
t-epidermal-cyst-153.jpg,epidermal_cyst
t-epidermal-cyst-154.jpg,epidermal_cyst
t-epidermal-cyst-155.jpg,epidermal_cyst
t-epidermal-cyst-157.jpg,epidermal_cyst
t-epidermal-cyst-158.jpg,epidermal_cyst
t-epidermal-cyst-159.jpg,epidermal_cyst
t-epidermal-cyst-16.jpg,epidermal_cyst
t-epidermal-cyst-160.jpg,epidermal_cyst
t-epidermal-cyst-161.jpg,epidermal_cyst
t-epidermal-cyst-162.jpg,epidermal_cyst
t-epidermal-cyst-163.jpg,epidermal_cyst
t-epidermal-cyst-164.jpg,epidermal_cyst
t-epidermal-cyst-165.jpg,epidermal_cyst
t-epidermal-cyst-166.jpg,epidermal_cyst
t-epidermal-cyst-167.jpg,epidermal_cyst
t-epidermal-cyst-168.jpg,epidermal_cyst
t-epidermal-cyst-17.jpg,epidermal_cyst
t-epidermal-cyst-170.jpg,epidermal_cyst
t-epidermal-cyst-171.jpg,epidermal_cyst
t-epidermal-cyst-172.jpg,epidermal_cyst
t-epidermal-cyst-174.jpg,epidermal_cyst
t-epidermal-cyst-178.jpg,epidermal_cyst
t-epidermal-cyst-179.jpg,epidermal_cyst
t-epidermal-cyst-18.jpg,epidermal_cyst
t-epidermal-cyst-181.jpg,epidermal_cyst
t-epidermal-cyst-182.jpg,epidermal_cyst
t-epidermal-cyst-183.jpg,epidermal_cyst
t-epidermal-cyst-184.jpg,epidermal_cyst
t-epidermal-cyst-185.jpg,epidermal_cyst
t-epidermal-cyst-186.jpg,epidermal_cyst
t-epidermal-cyst-187.jpg,epidermal_cyst
t-epidermal-cyst-189.jpg,epidermal_cyst
t-epidermal-cyst-88.jpg,epidermal_cyst
t-epidermal-cyst-89.jpg,epidermal_cyst
t-epidermal-cyst-9.jpg,epidermal_cyst
t-epidermal-cyst-90.jpg,epidermal_cyst
t-epidermal-cyst-91.jpg,epidermal_cyst
t-epidermal-cyst-92.jpg,epidermal_cyst
t-epidermal-cyst-93.jpg,epidermal_cyst
t-epidermal-cyst-94.jpg,epidermal_cyst
t-epidermal-cyst-95.jpg,epidermal_cyst
t-epidermal-cyst-96.jpg,epidermal_cyst
t-epidermal-cyst-97.jpg,epidermal_cyst
t-epidermal-cyst-98.jpg,epidermal_cyst
t-epidermal-cyst-99.jpg,epidermal_cyst
t-epidermal-nevus-1.jpg,epidermal_nevus
t-epidermal-nevus-10.jpg,epidermal_nevus
t-epidermal-nevus-15.jpg,epidermal_nevus
t-epidermal-nevus-17.jpg,epidermal_nevus
t-epidermal-nevus-18.jpg,epidermal_nevus
t-epidermal-nevus-19.jpg,epidermal_nevus
t-epidermal-nevus-2.jpg,epidermal_nevus
t-epidermal-nevus-20.jpg,epidermal_nevus
t-epidermal-nevus-21.jpg,epidermal_nevus
t-epidermal-nevus-22.jpg,epidermal_nevus
t-epidermal-nevus-23.jpg,epidermal_nevus
t-epidermal-nevus-24.jpg,epidermal_nevus
t-epidermal-nevus-25.jpg,epidermal_nevus
t-epidermal-nevus-26.jpg,epidermal_nevus
t-epidermal-nevus-27.jpg,epidermal_nevus
t-epidermal-nevus-28.jpg,epidermal_nevus
t-epidermal-nevus-30.jpg,epidermal_nevus
t-epidermal-nevus-31.jpg,epidermal_nevus
t-epidermal-nevus-32.jpg,epidermal_nevus
t-epidermal-nevus-33.jpg,epidermal_nevus
t-epidermal-nevus-34.jpg,epidermal_nevus
t-epidermal-nevus-35.jpg,epidermal_nevus
t-epidermal-nevus-36.jpg,epidermal_nevus
t-epidermal-nevus-37.jpg,epidermal_nevus
t-epidermal-nevus-38.jpg,epidermal_nevus
t-epidermal-nevus-39.jpg,epidermal_nevus
t-epidermal-nevus-4.jpg,epidermal_nevus
t-epidermal-nevus-40.jpg,epidermal_nevus
t-epidermal-nevus-43.jpg,epidermal_nevus
t-epidermal-nevus-44.jpg,epidermal_nevus
t-epidermal-nevus-45.jpg,epidermal_nevus
t-epidermal-nevus-46.jpg,epidermal_nevus
t-epidermal-nevus-47.jpg,epidermal_nevus
t-epidermal-nevus-48.jpg,epidermal_nevus
t-epidermal-nevus-49.jpg,epidermal_nevus
t-epidermal-nevus-50.jpg,epidermal_nevus
t-epidermal-nevus-51.jpg,epidermal_nevus
t-epidermal-nevus-52.jpg,epidermal_nevus
t-epidermal-nevus-53.jpg,epidermal_nevus
t-epidermal-nevus-54.jpg,epidermal_nevus
t-epidermal-nevus-55.jpg,epidermal_nevus
t-epidermal-nevus-56.jpg,epidermal_nevus
t-epidermal-nevus-59.jpg,epidermal_nevus
t-epidermal-nevus-6.jpg,epidermal_nevus
t-epidermal-nevus-60.jpg,epidermal_nevus
t-epidermal-nevus-61.jpg,epidermal_nevus
t-epidermal-nevus-62.jpg,epidermal_nevus
t-epidermal-nevus-63.jpg,epidermal_nevus
t-epidermal-nevus-64.jpg,epidermal_nevus
t-epidermal-nevus-65.jpg,epidermal_nevus
t-epidermal-nevus-66.jpg,epidermal_nevus
t-epidermal-nevus-67.jpg,epidermal_nevus
t-epidermal-nevus-68.jpg,epidermal_nevus
t-epidermal-nevus-7.jpg,epidermal_nevus
t-epidermal-nevus-70.jpg,epidermal_nevus
t-epidermal-nevus-71.jpg,epidermal_nevus
t-epidermal-nevus-72.jpg,epidermal_nevus
t-epidermal-nevus-73.jpg,epidermal_nevus
t-epidermal-nevus-8.jpg,epidermal_nevus
t-epidermal-nevus-9.jpg,epidermal_nevus
t-epidermal-nevus-inflammatory-1.jpg,epidermal_nevus
t-epidermal-nevus-inflammatory-2.jpg,epidermal_nevus
t-epidermal-nevus-inflammatory-3.jpg,epidermal_nevus
t-epidermal-nevus-inflammatory-4.jpg,epidermal_nevus
t-epidermal-nevus-inflammatory-5.jpg,epidermal_nevus
t-epidermal-nevus-inflammatory-6.jpg,epidermal_nevus
t-erosio-interdigitalis-blastomycetica-1.jpg,erosio_interdigitalis
t-erosio-interdigitalis-blastomycetica-10.jpg,erosio_interdigitalis
t-erosio-interdigitalis-blastomycetica-12.jpg,erosio_interdigitalis
t-erosio-interdigitalis-blastomycetica-14.jpg,erosio_interdigitalis
t-erosio-interdigitalis-blastomycetica-15.jpg,erosio_interdigitalis
t-erosio-interdigitalis-blastomycetica-16.jpg,erosio_interdigitalis
t-erosio-interdigitalis-blastomycetica-17.jpg,erosio_interdigitalis
t-erosio-interdigitalis-blastomycetica-18.jpg,erosio_interdigitalis
t-erosio-interdigitalis-blastomycetica-2.jpg,erosio_interdigitalis
t-erosio-interdigitalis-blastomycetica-21.jpg,erosio_interdigitalis
t-erosio-interdigitalis-blastomycetica-23.jpg,erosio_interdigitalis
t-erosio-interdigitalis-blastomycetica-25.jpg,erosio_interdigitalis
t-erosio-interdigitalis-blastomycetica-26.jpg,erosio_interdigitalis
t-erosio-interdigitalis-blastomycetica-27.jpg,erosio_interdigitalis
t-erosio-interdigitalis-blastomycetica-28.jpg,erosio_interdigitalis
t-erosio-interdigitalis-blastomycetica-3.jpg,erosio_interdigitalis
t-erosio-interdigitalis-blastomycetica-30.jpg,erosio_interdigitalis
t-erosio-interdigitalis-blastomycetica-32.jpg,erosio_interdigitalis
t-erosio-interdigitalis-blastomycetica-35.jpg,erosio_interdigitalis
t-erosio-interdigitalis-blastomycetica-37.jpg,erosio_interdigitalis
t-erosio-interdigitalis-blastomycetica-4.jpg,erosio_interdigitalis
t-erosio-interdigitalis-blastomycetica-5.jpg,erosio_interdigitalis
t-erosio-interdigitalis-blastomycetica-6.jpg,erosio_interdigitalis
t-erosio-interdigitalis-blastomycetica-7.jpg,erosio_interdigitalis
t-erosio-interdigitalis-blastomycetica-9.jpg,erosio_interdigitalis
t-erythrasma-1.jpg,erythrasma
t-erythrasma-10.jpg,erythrasma
t-erythrasma-11.jpg,erythrasma
t-erythrasma-12.jpg,erythrasma
t-erythrasma-14.jpg,erythrasma
t-erythrasma-15.jpg,erythrasma
t-erythrasma-17.jpg,erythrasma
t-erythrasma-18.jpg,erythrasma
t-erythrasma-19.jpg,erythrasma
t-erythrasma-2.jpg,erythrasma
t-erythrasma-3.jpg,erythrasma
t-erythrasma-4.jpg,erythrasma
t-erythrasma-5.jpg,erythrasma
t-erythrasma-6.jpg,erythrasma
t-erythrasma-7.jpg,erythrasma
t-erythrasma-8.jpg,erythrasma
t-erythrasma-9.jpg,erythrasma
t-extraneous-digits-1.jpg,extraneous_digits
t-fibroma-10.jpg,fibroma
t-fibroma-11.jpg,fibroma
t-fibroma-2.jpg,fibroma
t-fibroma-5.jpg,fibroma
t-fibroma-6.jpg,fibroma
t-fibroma-9.jpg,fibroma
t-fibromatosis-progressive-1.jpg,fibromatosis_progressive
t-fibromatosis-progressive-2.jpg,fibromatosis_progressive
t-follicular-mucinosis-1.jpg,follicular_mucinosis
t-follicular-mucinosis-2.jpg,follicular_mucinosis
t-follicular-mucinosis-3.jpg,follicular_mucinosis
t-follicular-mucinosis-4.jpg,follicular_mucinosis
t-follicular-mucinosis-5.jpg,follicular_mucinosis
t-granular-cell-tumor-1.jpg,granular_cell
t-granular-cell-tumor-2.jpg,granular_cell
t-granuloma-faciale-1.jpg,granuloma_faciale
t-granuloma-faciale-2.jpg,granuloma_faciale
t-granuloma-faciale-3.jpg,granuloma_faciale
t-granuloma-faciale-4.jpg,granuloma_faciale
t-granuloma-faciale-5.jpg,granuloma_faciale
t-granuloma-hair-1.jpg,granuloma_hair
t-hydrocystoma-1.jpg,hydrocystoma
t-hydrocystoma-10.jpg,hydrocystoma
t-hydrocystoma-2.jpg,hydrocystoma
t-hydrocystoma-4.jpg,hydrocystoma
t-hydrocystoma-5.jpg,hydrocystoma
t-hydrocystoma-6.jpg,hydrocystoma
t-hydrocystoma-9.jpg,hydrocystoma
t-id-reaction-1.jpg,id_reaction
t-id-reaction-10.jpg,id_reaction
t-id-reaction-2.jpg,id_reaction
t-id-reaction-3.jpg,id_reaction
t-id-reaction-4.jpg,id_reaction
t-id-reaction-7.jpg,id_reaction
t-id-reaction-8.jpg,id_reaction
t-intertrigo-10.jpg,intertrigo
t-intertrigo-11.jpg,intertrigo
t-intertrigo-12.jpg,intertrigo
t-intertrigo-13.jpg,intertrigo
t-intertrigo-14.jpg,intertrigo
t-intertrigo-15.jpg,intertrigo
t-intertrigo-16.jpg,intertrigo
t-intertrigo-18.jpg,intertrigo
t-intertrigo-19.jpg,intertrigo
t-intertrigo-2.jpg,intertrigo
t-intertrigo-20.jpg,intertrigo
t-intertrigo-21.jpg,intertrigo
t-intertrigo-22.jpg,intertrigo
t-intertrigo-23.jpg,intertrigo
t-intertrigo-24.jpg,intertrigo
t-intertrigo-25.jpg,intertrigo
t-intertrigo-26.jpg,intertrigo
t-intertrigo-27.jpg,intertrigo
t-intertrigo-28.jpg,intertrigo
t-intertrigo-3.jpg,intertrigo
t-intertrigo-31.jpg,intertrigo
t-intertrigo-32.jpg,intertrigo
t-intertrigo-34.jpg,intertrigo
t-intertrigo-35.jpg,intertrigo
t-intertrigo-37.jpg,intertrigo
t-intertrigo-38.jpg,intertrigo
t-intertrigo-39.jpg,intertrigo
t-intertrigo-40.jpg,intertrigo
t-intertrigo-41.jpg,intertrigo
t-intertrigo-42.jpg,intertrigo
t-intertrigo-43.jpg,intertrigo
t-intertrigo-44.jpg,intertrigo
t-intertrigo-45.jpg,intertrigo
t-intertrigo-46.jpg,intertrigo
t-intertrigo-5.jpg,intertrigo
t-intertrigo-50.jpg,intertrigo
t-intertrigo-51.jpg,intertrigo
t-intertrigo-53.jpg,intertrigo
t-intertrigo-54.jpg,intertrigo
t-intertrigo-55.jpg,intertrigo
t-intertrigo-56.jpg,intertrigo
t-intertrigo-58.jpg,intertrigo
t-intertrigo-59.jpg,intertrigo
t-intertrigo-6.jpg,intertrigo
t-intertrigo-61.jpg,intertrigo
t-intertrigo-62.jpg,intertrigo
t-intertrigo-63.jpg,intertrigo
t-intertrigo-64.jpg,intertrigo
t-intertrigo-65.jpg,intertrigo
t-intertrigo-66.jpg,intertrigo
t-intertrigo-67.jpg,intertrigo
t-intertrigo-68.jpg,intertrigo
t-intertrigo-69.jpg,intertrigo
t-intertrigo-7.jpg,intertrigo
t-intertrigo-70.jpg,intertrigo
t-intertrigo-71.jpg,intertrigo
t-intertrigo-72.jpg,intertrigo
t-intertrigo-73.jpg,intertrigo
t-intertrigo-74.jpg,intertrigo
t-intertrigo-75.jpg,intertrigo
t-intertrigo-77.jpg,intertrigo
t-intertrigo-78.jpg,intertrigo
t-intertrigo-8.jpg,intertrigo
t-intertrigo-81.jpg,intertrigo
t-intertrigo-82.jpg,intertrigo
t-intertrigo-84.jpg,intertrigo
t-intertrigo-85.jpg,intertrigo
t-intertrigo-86.jpg,intertrigo
t-intertrigo-87.jpg,intertrigo
t-intertrigo-88.jpg,intertrigo
t-intertrigo-9.jpg,intertrigo
t-intraepidermal-epithelioma-1.jpg,intraepidermal_epithelioma
t-intraepidermal-epithelioma-2.jpg,intraepidermal_epithelioma
t-keloids-1.jpg,keloids
t-keloids-10.jpg,keloids
t-keloids-12.jpg,keloids
t-keloids-14.jpg,keloids
t-keloids-16.jpg,keloids
t-keloids-17.jpg,keloids
t-keloids-18.jpg,keloids
t-keloids-19.jpg,keloids
t-keloids-2.jpg,keloids
t-keloids-22.jpg,keloids
t-keloids-24.jpg,keloids
t-keloids-26.jpg,keloids
t-keloids-28.jpg,keloids
t-keloids-29.jpg,keloids
t-keloids-30.jpg,keloids
t-keloids-31.jpg,keloids
t-keloids-33.jpg,keloids
t-keloids-34.jpg,keloids
t-keloids-35.jpg,keloids
t-keloids-36.jpg,keloids
t-keloids-37.jpg,keloids
t-keloids-39.jpg,keloids
t-keloids-4.jpg,keloids
t-keloids-40.jpg,keloids
t-keloids-43.jpg,keloids
t-keloids-44.jpg,keloids
t-keloids-45.jpg,keloids
t-keloids-46.jpg,keloids
t-keloids-48.jpg,keloids
t-keloids-49.jpg,keloids
t-keloids-5.jpg,keloids
t-keloids-52.jpg,keloids
t-keloids-53.jpg,keloids
t-keloids-54.jpg,keloids
t-keloids-55.jpg,keloids
t-keloids-56.jpg,keloids
t-keloids-58.jpg,keloids
t-keloids-6.jpg,keloids
t-keloids-60.jpg,keloids
t-keloids-61.jpg,keloids
t-keloids-63.jpg,keloids
t-keloids-64.jpg,keloids
t-keloids-65.jpg,keloids
t-keloids-66.jpg,keloids
t-keloids-69.jpg,keloids
t-keloids-70.jpg,keloids
t-keloids-72.jpg,keloids
t-keloids-73.jpg,keloids
t-keloids-74.jpg,keloids
t-keloids-76.jpg,keloids
t-keloids-77.jpg,keloids
t-keloids-78.jpg,keloids
t-keloids-79.jpg,keloids
t-keloids-8.jpg,keloids
t-keloids-80.jpg,keloids
t-keloids-9.jpg,keloids
t-keratoacanthoma-100.jpg,keratoacanthoma
t-keratoacanthoma-101.jpg,keratoacanthoma
t-keratoacanthoma-102.jpg,keratoacanthoma
t-keratoacanthoma-103.jpg,keratoacanthoma
t-keratoacanthoma-104.jpg,keratoacanthoma
t-keratoacanthoma-105.jpg,keratoacanthoma
t-keratoacanthoma-106.jpg,keratoacanthoma
t-keratoacanthoma-107.jpg,keratoacanthoma
t-keratoacanthoma-108.jpg,keratoacanthoma
t-keratoacanthoma-109.jpg,keratoacanthoma
t-keratoacanthoma-110.jpg,keratoacanthoma
t-keratoacanthoma-111.jpg,keratoacanthoma
t-keratoacanthoma-112.jpg,keratoacanthoma
t-keratoacanthoma-113.jpg,keratoacanthoma
t-keratoacanthoma-114.jpg,keratoacanthoma
t-keratoacanthoma-115.jpg,keratoacanthoma
t-keratoacanthoma-116.jpg,keratoacanthoma
t-keratoacanthoma-119.jpg,keratoacanthoma
t-keratoacanthoma-12.jpg,keratoacanthoma
t-keratoacanthoma-120.jpg,keratoacanthoma
t-keratoacanthoma-121.jpg,keratoacanthoma
t-keratoacanthoma-122.jpg,keratoacanthoma
t-keratoacanthoma-123.jpg,keratoacanthoma
t-keratoacanthoma-124.jpg,keratoacanthoma
t-keratoacanthoma-125.jpg,keratoacanthoma
t-keratoacanthoma-126.jpg,keratoacanthoma
t-keratoacanthoma-127.jpg,keratoacanthoma
t-keratoacanthoma-128.jpg,keratoacanthoma
t-keratoacanthoma-129.jpg,keratoacanthoma
t-keratoacanthoma-13.jpg,keratoacanthoma
t-keratoacanthoma-130.jpg,keratoacanthoma
t-keratoacanthoma-133.jpg,keratoacanthoma
t-keratoacanthoma-134.jpg,keratoacanthoma
t-keratoacanthoma-138.jpg,keratoacanthoma
t-keratoacanthoma-140.jpg,keratoacanthoma
t-keratoacanthoma-141.jpg,keratoacanthoma
t-keratoacanthoma-142.jpg,keratoacanthoma
t-keratoacanthoma-144.jpg,keratoacanthoma
t-keratoacanthoma-146.jpg,keratoacanthoma
t-keratoacanthoma-147.jpg,keratoacanthoma
t-keratoacanthoma-148.jpg,keratoacanthoma
t-keratoacanthoma-149.jpg,keratoacanthoma
t-keratoacanthoma-15.jpg,keratoacanthoma
t-keratoacanthoma-150.jpg,keratoacanthoma
t-keratoacanthoma-152.jpg,keratoacanthoma
t-keratoacanthoma-153.jpg,keratoacanthoma
t-keratoacanthoma-154.jpg,keratoacanthoma
t-keratoacanthoma-155.jpg,keratoacanthoma
t-keratoacanthoma-156.jpg,keratoacanthoma
t-keratoacanthoma-158.jpg,keratoacanthoma
t-keratoacanthoma-16.jpg,keratoacanthoma
t-keratoacanthoma-160.jpg,keratoacanthoma
t-keratoacanthoma-161.jpg,keratoacanthoma
t-keratoacanthoma-162.jpg,keratoacanthoma
t-keratoacanthoma-163.jpg,keratoacanthoma
t-keratoacanthoma-165.jpg,keratoacanthoma
t-keratoacanthoma-166.jpg,keratoacanthoma
t-keratoacanthoma-168.jpg,keratoacanthoma
t-keratoacanthoma-169.jpg,keratoacanthoma
t-keratoacanthoma-17.jpg,keratoacanthoma
t-keratoacanthoma-170.jpg,keratoacanthoma
t-keratoacanthoma-171.jpg,keratoacanthoma
t-keratoacanthoma-172.jpg,keratoacanthoma
t-keratoacanthoma-174.jpg,keratoacanthoma
t-keratoacanthoma-175.jpg,keratoacanthoma
t-keratoacanthoma-176.jpg,keratoacanthoma
t-keratoacanthoma-177.jpg,keratoacanthoma
t-keratoacanthoma-178.jpg,keratoacanthoma
t-keratoacanthoma-179.jpg,keratoacanthoma
t-keratoacanthoma-18.jpg,keratoacanthoma
t-keratoacanthoma-180.jpg,keratoacanthoma
t-keratoacanthoma-182.jpg,keratoacanthoma
t-keratoacanthoma-183.jpg,keratoacanthoma
t-keratoacanthoma-184.jpg,keratoacanthoma
t-keratoacanthoma-185.jpg,keratoacanthoma
t-keratoacanthoma-186.jpg,keratoacanthoma
t-keratoacanthoma-187.jpg,keratoacanthoma
t-keratoacanthoma-188.jpg,keratoacanthoma
t-keratoacanthoma-189.jpg,keratoacanthoma
t-keratoacanthoma-19.jpg,keratoacanthoma
t-keratoacanthoma-190.jpg,keratoacanthoma
t-keratoacanthoma-191.jpg,keratoacanthoma
t-keratoacanthoma-192.jpg,keratoacanthoma
t-keratoacanthoma-193.jpg,keratoacanthoma
t-keratoacanthoma-79.jpg,keratoacanthoma
t-keratoacanthoma-80.jpg,keratoacanthoma
t-keratoacanthoma-81.jpg,keratoacanthoma
t-keratoacanthoma-85.jpg,keratoacanthoma
t-keratoacanthoma-86.jpg,keratoacanthoma
t-keratoacanthoma-87.jpg,keratoacanthoma
t-keratoacanthoma-88.jpg,keratoacanthoma
t-keratoacanthoma-89.jpg,keratoacanthoma
t-keratoacanthoma-90.jpg,keratoacanthoma
t-keratoacanthoma-91.jpg,keratoacanthoma
t-keratoacanthoma-92.jpg,keratoacanthoma
t-keratoacanthoma-93.jpg,keratoacanthoma
t-keratoacanthoma-94.jpg,keratoacanthoma
t-keratoacanthoma-95.jpg,keratoacanthoma
t-keratoacanthoma-96.jpg,keratoacanthoma
t-keratoacanthoma-97.jpg,keratoacanthoma
t-keratoacanthoma-98.jpg,keratoacanthoma
t-keratoacanthoma-99.jpg,keratoacanthoma
t-keratosis-punctata-3.jpg,keratosis_punctata
t-keratosis-punctata-4.jpg,keratosis_punctata
t-kerion-1.jpg,kerion
t-kerion-10.jpg,kerion
t-kerion-11.jpg,kerion
t-kerion-13.jpg,kerion
t-kerion-14.jpg,kerion
t-kerion-15.jpg,kerion
t-kerion-16.jpg,kerion
t-kerion-18.jpg,kerion
t-kerion-19.jpg,kerion
t-kerion-2.jpg,kerion
t-kerion-3.jpg,kerion
t-kerion-4.jpg,kerion
t-kerion-7.jpg,kerion
t-kerion-8.jpg,kerion
t-knuckle-pads-1.jpg,knuckle_pads
t-kyrle-disease-1.jpg,kyrle_disease
t-kyrle-disease-10.jpg,kyrle_disease
t-kyrle-disease-2.jpg,kyrle_disease
t-kyrle-disease-3.jpg,kyrle_disease
t-kyrle-disease-5.jpg,kyrle_disease
t-kyrle-disease-6.jpg,kyrle_disease
t-kyrle-disease-7.jpg,kyrle_disease
t-kyrle-disease-8.jpg,kyrle_disease
t-kyrle-disease-9.jpg,kyrle_disease
t-leiomyomata-1.jpg,leiomyomata
t-leiomyomata-10.jpg,leiomyomata
t-leiomyomata-11.jpg,leiomyomata
t-leiomyomata-3.jpg,leiomyomata
t-leiomyomata-5.jpg,leiomyomata
t-leiomyomata-6.jpg,leiomyomata
t-leiomyomata-7.jpg,leiomyomata
t-leiomyomata-8.jpg,leiomyomata
t-leiomyomata-9.jpg,leiomyomata
t-lichen-striatus-1.jpg,lichen_striatus
t-lichen-striatus-2.jpg,lichen_striatus
t-lymphocytic-infiltrate-jessner-1.jpg,lymphocytic_infiltrate
t-majocchi-granuloma-1.jpg,majocchi_granuloma
t-majocchi-granuloma-10.jpg,majocchi_granuloma
t-majocchi-granuloma-11.jpg,majocchi_granuloma
t-majocchi-granuloma-16.jpg,majocchi_granuloma
t-majocchi-granuloma-17.jpg,majocchi_granuloma
t-majocchi-granuloma-3.jpg,majocchi_granuloma
t-majocchi-granuloma-4.jpg,majocchi_granuloma
t-majocchi-granuloma-5.jpg,majocchi_granuloma
t-majocchi-granuloma-6.jpg,majocchi_granuloma
t-majocchi-granuloma-7.jpg,majocchi_granuloma
t-majocchi-granuloma-8.jpg,majocchi_granuloma
t-melanoma-mimic-1.jpg,melanoma_mimic
t-melanoma-mimic-11.jpg,melanoma_mimic
t-melanoma-mimic-12.jpg,melanoma_mimic
t-melanoma-mimic-13.jpg,melanoma_mimic
t-melanoma-mimic-14.jpg,melanoma_mimic
t-melanoma-mimic-16.jpg,melanoma_mimic
t-melanoma-mimic-17.jpg,melanoma_mimic
t-melanoma-mimic-18.jpg,melanoma_mimic
t-melanoma-mimic-19.jpg,melanoma_mimic
t-melanoma-mimic-21.jpg,melanoma_mimic
t-melanoma-mimic-24.jpg,melanoma_mimic
t-melanoma-mimic-3.jpg,melanoma_mimic
t-melanoma-mimic-34.jpg,melanoma_mimic
t-melanoma-mimic-4.jpg,melanoma_mimic
t-melanoma-mimic-5.jpg,melanoma_mimic
t-melanoma-mimic-6.jpg,melanoma_mimic
t-melanoma-mimic-7.jpg,melanoma_mimic
t-melanoma-mimic-9.jpg,melanoma_mimic
t-MonialisisIMG002-GP3.jpg,monialisis_img
t-MonialisisIMG004-GP3.jpg,monialisis_img
t-MonialisisIMG005-GP3.jpg,monialisis_img
t-mycetoma-1.jpg,mycetoma
t-mycetoma-3.jpg,mycetoma
t-mycetoma-4.jpg,mycetoma
t-mycetoma-5.jpg,mycetoma
t-neurofibromas-1.jpg,neurofibromas
t-neurofibromas-10.jpg,neurofibromas
t-neurofibromas-12.jpg,neurofibromas
t-neurofibromas-13.jpg,neurofibromas
t-neurofibromas-14.jpg,neurofibromas
t-neurofibromas-15.jpg,neurofibromas
t-neurofibromas-16.jpg,neurofibromas
t-neurofibromas-17.jpg,neurofibromas
t-neurofibromas-2.jpg,neurofibromas
t-neurofibromas-3.jpg,neurofibromas
t-neurofibromas-4.jpg,neurofibromas
t-neurofibromas-6.jpg,neurofibromas
t-neurofibromas-7.jpg,neurofibromas
t-neurofibromas-8.jpg,neurofibromas
t-neurofibromas-9.jpg,neurofibromas
t-nevus-sebaceous-1.jpg,nevus_sebaceous
t-nevus-sebaceous-10.jpg,nevus_sebaceous
t-nevus-sebaceous-11.jpg,nevus_sebaceous
t-nevus-sebaceous-12.jpg,nevus_sebaceous
t-nevus-sebaceous-13.jpg,nevus_sebaceous
t-nevus-sebaceous-14.jpg,nevus_sebaceous
t-nevus-sebaceous-18.jpg,nevus_sebaceous
t-nevus-sebaceous-19.jpg,nevus_sebaceous
t-nevus-sebaceous-2.jpg,nevus_sebaceous
t-nevus-sebaceous-20.jpg,nevus_sebaceous
t-nevus-sebaceous-21.jpg,nevus_sebaceous
t-nevus-sebaceous-22.jpg,nevus_sebaceous
t-nevus-sebaceous-23.jpg,nevus_sebaceous
t-nevus-sebaceous-24.jpg,nevus_sebaceous
t-nevus-sebaceous-25.jpg,nevus_sebaceous
t-nevus-sebaceous-26.jpg,nevus_sebaceous
t-nevus-sebaceous-27.jpg,nevus_sebaceous
t-nevus-sebaceous-28.jpg,nevus_sebaceous
t-nevus-sebaceous-3.jpg,nevus_sebaceous
t-nevus-sebaceous-30.jpg,nevus_sebaceous
t-nevus-sebaceous-33.jpg,nevus_sebaceous
t-nevus-sebaceous-34.jpg,nevus_sebaceous
t-nevus-sebaceous-35.jpg,nevus_sebaceous
t-nevus-sebaceous-36.jpg,nevus_sebaceous
t-nevus-sebaceous-37.jpg,nevus_sebaceous
t-nevus-sebaceous-38.jpg,nevus_sebaceous
t-nevus-sebaceous-39.jpg,nevus_sebaceous
t-nevus-sebaceous-4.jpg,nevus_sebaceous
t-nevus-sebaceous-41.jpg,nevus_sebaceous
t-nevus-sebaceous-42.jpg,nevus_sebaceous
t-nevus-sebaceous-43.jpg,nevus_sebaceous
t-nevus-sebaceous-44.jpg,nevus_sebaceous
t-nevus-sebaceous-45.jpg,nevus_sebaceous
t-nevus-sebaceous-46.jpg,nevus_sebaceous
t-nevus-sebaceous-47.jpg,nevus_sebaceous
t-nevus-sebaceous-48.jpg,nevus_sebaceous
t-nevus-sebaceous-49.jpg,nevus_sebaceous
t-nevus-sebaceous-5.jpg,nevus_sebaceous
t-nevus-sebaceous-50.jpg,nevus_sebaceous
t-nevus-sebaceous-52.jpg,nevus_sebaceous
t-nevus-sebaceous-53.jpg,nevus_sebaceous
t-nevus-sebaceous-54.jpg,nevus_sebaceous
t-nevus-sebaceous-55.jpg,nevus_sebaceous
t-nevus-sebaceous-59.jpg,nevus_sebaceous
t-nevus-sebaceous-6.jpg,nevus_sebaceous
t-nevus-sebaceous-60.jpg,nevus_sebaceous
t-nevus-sebaceous-61.jpg,nevus_sebaceous
t-nevus-sebaceous-62.jpg,nevus_sebaceous
t-nevus-sebaceous-7.jpg,nevus_sebaceous
t-nevus-sebaceous-8.jpg,nevus_sebaceous
t-nevus-sebaceous-9.jpg,nevus_sebaceous
t-north-american-blastomycosis-3.jpg,north_american
t-perleche-10.jpg,perleche
t-perleche-11.jpg,perleche
t-perleche-14.jpg,perleche
t-perleche-15.jpg,perleche
t-perleche-16.jpg,perleche
t-perleche-17.jpg,perleche
t-perleche-18.jpg,perleche
t-perleche-19.jpg,perleche
t-perleche-2.jpg,perleche
t-perleche-20.jpg,perleche
t-perleche-21.jpg,perleche
t-perleche-23.jpg,perleche
t-perleche-24.jpg,perleche
t-perleche-25.jpg,perleche
t-perleche-26.jpg,perleche
t-perleche-27.jpg,perleche
t-perleche-29.jpg,perleche
t-perleche-3.jpg,perleche
t-perleche-30.jpg,perleche
t-perleche-31.jpg,perleche
t-perleche-32.jpg,perleche
t-perleche-33.jpg,perleche
t-perleche-35.jpg,perleche
t-perleche-37.jpg,perleche
t-perleche-38.jpg,perleche
t-perleche-39.jpg,perleche
t-perleche-40.jpg,perleche
t-perleche-43.jpg,perleche
t-perleche-45.jpg,perleche
t-perleche-46.jpg,perleche
t-perleche-47.jpg,perleche
t-perleche-48.jpg,perleche
t-perleche-49.jpg,perleche
t-perleche-50.jpg,perleche
t-perleche-52.jpg,perleche
t-perleche-53.jpg,perleche
t-perleche-54.jpg,perleche
t-perleche-56.jpg,perleche
t-perleche-57.jpg,perleche
t-perleche-58.jpg,perleche
t-perleche-6.jpg,perleche
t-perleche-60.jpg,perleche
t-perleche-62.jpg,perleche
t-perleche-63.jpg,perleche
t-perleche-786.jpg,perleche
t-perleche-789.jpg,perleche
t-perleche-8.jpg,perleche
t-perleche-9.jpg,perleche
t-pilar-cyst-1.jpg,pilar_cyst
t-pilar-cyst-10.jpg,pilar_cyst
t-pilar-cyst-12.jpg,pilar_cyst
t-pilar-cyst-14.jpg,pilar_cyst
t-pilar-cyst-15.jpg,pilar_cyst
t-pilar-cyst-17.jpg,pilar_cyst
t-pilar-cyst-19.jpg,pilar_cyst
t-pilar-cyst-20.jpg,pilar_cyst
t-pilar-cyst-21.jpg,pilar_cyst
t-pilar-cyst-23.jpg,pilar_cyst
t-pilar-cyst-24.jpg,pilar_cyst
t-pilar-cyst-26.jpg,pilar_cyst
t-pilar-cyst-27.jpg,pilar_cyst
t-pilar-cyst-28.jpg,pilar_cyst
t-pilar-cyst-29.jpg,pilar_cyst
t-pilar-cyst-3.jpg,pilar_cyst
t-pilar-cyst-30.jpg,pilar_cyst
t-pilar-cyst-31.jpg,pilar_cyst
t-pilar-cyst-32.jpg,pilar_cyst
t-pilar-cyst-33.jpg,pilar_cyst
t-pilar-cyst-35.jpg,pilar_cyst
t-pilar-cyst-36.jpg,pilar_cyst
t-pilar-cyst-38.jpg,pilar_cyst
t-pilar-cyst-39.jpg,pilar_cyst
t-pilar-cyst-41.jpg,pilar_cyst
t-pilar-cyst-43.jpg,pilar_cyst
t-pilar-cyst-44.jpg,pilar_cyst
t-pilar-cyst-45.jpg,pilar_cyst
t-pilar-cyst-46.jpg,pilar_cyst
t-pilar-cyst-47.jpg,pilar_cyst
t-pilar-cyst-49.jpg,pilar_cyst
t-pilar-cyst-5.jpg,pilar_cyst
t-pilar-cyst-50.jpg,pilar_cyst
t-pilar-cyst-51.jpg,pilar_cyst
t-pilar-cyst-6.jpg,pilar_cyst
t-pilar-cyst-7.jpg,pilar_cyst
t-pilar-cyst-8.jpg,pilar_cyst
t-pilar-cyst-9.jpg,pilar_cyst
t-pinkus-tumor-1.jpg,pinkus_tumor
t-pinkus-tumor-2.jpg,pinkus_tumor
t-pitted-keratolysis-1.jpg,pitted_keratolysis
t-pitted-keratolysis-4.jpg,pitted_keratolysis
t-pitted-keratolysis-5.jpg,pitted_keratolysis
t-pitted-keratolysis-7.jpg,pitted_keratolysis
t-pityrosporum-folliculitis-10.jpg,pityrosporum_folliculitis
t-pityrosporum-folliculitis-5.jpg,pityrosporum_folliculitis
t-pityrosporum-folliculitis-7.jpg,pityrosporum_folliculitis
t-pityrosporum-folliculitis-8.jpg,pityrosporum_folliculitis
t-pityrosporum-folliculitis-9.jpg,pityrosporum_folliculitis
t-porokeratosis-1.jpg,porokeratosis
t-porokeratosis-10.jpg,porokeratosis
t-porokeratosis-11.jpg,porokeratosis
t-porokeratosis-12.jpg,porokeratosis
t-porokeratosis-13.jpg,porokeratosis
t-porokeratosis-14.jpg,porokeratosis
t-porokeratosis-15.jpg,porokeratosis
t-porokeratosis-16.jpg,porokeratosis
t-porokeratosis-165.jpg,porokeratosis
t-porokeratosis-17.jpg,porokeratosis
t-porokeratosis-18.jpg,porokeratosis
t-porokeratosis-2.jpg,porokeratosis
t-porokeratosis-20.jpg,porokeratosis
t-porokeratosis-24.jpg,porokeratosis
t-porokeratosis-25.jpg,porokeratosis
t-porokeratosis-26.jpg,porokeratosis
t-porokeratosis-27.jpg,porokeratosis
t-porokeratosis-28.jpg,porokeratosis
t-porokeratosis-29.jpg,porokeratosis
t-porokeratosis-3.jpg,porokeratosis
t-porokeratosis-30.jpg,porokeratosis
t-porokeratosis-32.jpg,porokeratosis
t-porokeratosis-33.jpg,porokeratosis
t-porokeratosis-34.jpg,porokeratosis
t-porokeratosis-35.jpg,porokeratosis
t-porokeratosis-36.jpg,porokeratosis
t-porokeratosis-37.jpg,porokeratosis
t-porokeratosis-38.jpg,porokeratosis
t-porokeratosis-39.jpg,porokeratosis
t-porokeratosis-4.jpg,porokeratosis
t-porokeratosis-40.jpg,porokeratosis
t-porokeratosis-41.jpg,porokeratosis
t-porokeratosis-42.jpg,porokeratosis
t-porokeratosis-43.jpg,porokeratosis
t-porokeratosis-44.jpg,porokeratosis
t-porokeratosis-45.jpg,porokeratosis
t-porokeratosis-46.jpg,porokeratosis
t-porokeratosis-47.jpg,porokeratosis
t-porokeratosis-48.jpg,porokeratosis
t-porokeratosis-49.jpg,porokeratosis
t-porokeratosis-50.jpg,porokeratosis
t-porokeratosis-52.jpg,porokeratosis
t-porokeratosis-53.jpg,porokeratosis
t-porokeratosis-54.jpg,porokeratosis
t-porokeratosis-55.jpg,porokeratosis
t-porokeratosis-56.jpg,porokeratosis
t-porokeratosis-57.jpg,porokeratosis
t-porokeratosis-58.jpg,porokeratosis
t-porokeratosis-59.jpg,porokeratosis
t-porokeratosis-6.jpg,porokeratosis
t-porokeratosis-60.jpg,porokeratosis
t-porokeratosis-61.jpg,porokeratosis
t-porokeratosis-62.jpg,porokeratosis
t-porokeratosis-63.jpg,porokeratosis
t-porokeratosis-64.jpg,porokeratosis
t-porokeratosis-65.jpg,porokeratosis
t-porokeratosis-68.jpg,porokeratosis
t-porokeratosis-69.jpg,porokeratosis
t-porokeratosis-7.jpg,porokeratosis
t-porokeratosis-70.jpg,porokeratosis
t-porokeratosis-71.jpg,porokeratosis
t-porokeratosis-72.jpg,porokeratosis
t-porokeratosis-8.jpg,porokeratosis
t-porokeratosis-9.jpg,porokeratosis
t-porokeratosis-98.jpg,porokeratosis
t-porokeratosis-99.jpg,porokeratosis
t-sebaceous-hyperplasia-0098.jpg,sebaceous_hyperplasia
t-sebaceous-hyperplasia-100.jpg,sebaceous_hyperplasia
t-sebaceous-hyperplasia-104.jpg,sebaceous_hyperplasia
t-sebaceous-hyperplasia-11.jpg,sebaceous_hyperplasia
t-sebaceous-hyperplasia-15.jpg,sebaceous_hyperplasia
t-sebaceous-hyperplasia-16.jpg,sebaceous_hyperplasia
t-sebaceous-hyperplasia-17.jpg,sebaceous_hyperplasia
t-sebaceous-hyperplasia-18.jpg,sebaceous_hyperplasia
t-sebaceous-hyperplasia-20.jpg,sebaceous_hyperplasia
t-sebaceous-hyperplasia-22.jpg,sebaceous_hyperplasia
t-sebaceous-hyperplasia-23.jpg,sebaceous_hyperplasia
t-sebaceous-hyperplasia-24.jpg,sebaceous_hyperplasia
t-sebaceous-hyperplasia-25.jpg,sebaceous_hyperplasia
t-sebaceous-hyperplasia-26.jpg,sebaceous_hyperplasia
t-sebaceous-hyperplasia-27.jpg,sebaceous_hyperplasia
t-sebaceous-hyperplasia-28.jpg,sebaceous_hyperplasia
t-sebaceous-hyperplasia-29.jpg,sebaceous_hyperplasia
t-sebaceous-hyperplasia-3.jpg,sebaceous_hyperplasia
t-sebaceous-hyperplasia-31.jpg,sebaceous_hyperplasia
t-sebaceous-hyperplasia-32.jpg,sebaceous_hyperplasia
t-sebaceous-hyperplasia-33.jpg,sebaceous_hyperplasia
t-sebaceous-hyperplasia-35.jpg,sebaceous_hyperplasia
t-sebaceous-hyperplasia-37.jpg,sebaceous_hyperplasia
t-sebaceous-hyperplasia-38.jpg,sebaceous_hyperplasia
t-sebaceous-hyperplasia-39.jpg,sebaceous_hyperplasia
t-sebaceous-hyperplasia-40.jpg,sebaceous_hyperplasia
t-sebaceous-hyperplasia-41.jpg,sebaceous_hyperplasia
t-sebaceous-hyperplasia-42.jpg,sebaceous_hyperplasia
t-sebaceous-hyperplasia-44.jpg,sebaceous_hyperplasia
t-sebaceous-hyperplasia-45.jpg,sebaceous_hyperplasia
t-sebaceous-hyperplasia-46.jpg,sebaceous_hyperplasia
t-sebaceous-hyperplasia-47.jpg,sebaceous_hyperplasia
t-sebaceous-hyperplasia-48.jpg,sebaceous_hyperplasia
t-sebaceous-hyperplasia-5.jpg,sebaceous_hyperplasia
t-sebaceous-hyperplasia-50.jpg,sebaceous_hyperplasia
t-sebaceous-hyperplasia-52.jpg,sebaceous_hyperplasia
t-sebaceous-hyperplasia-54.jpg,sebaceous_hyperplasia
t-sebaceous-hyperplasia-55.jpg,sebaceous_hyperplasia
t-sebaceous-hyperplasia-56.jpg,sebaceous_hyperplasia
t-sebaceous-hyperplasia-57.jpg,sebaceous_hyperplasia
t-sebaceous-hyperplasia-58.jpg,sebaceous_hyperplasia
t-sebaceous-hyperplasia-6.jpg,sebaceous_hyperplasia
t-sebaceous-hyperplasia-60.jpg,sebaceous_hyperplasia
t-sebaceous-hyperplasia-61.jpg,sebaceous_hyperplasia
t-sebaceous-hyperplasia-62.jpg,sebaceous_hyperplasia
t-sebaceous-hyperplasia-63.jpg,sebaceous_hyperplasia
t-sebaceous-hyperplasia-65.jpg,sebaceous_hyperplasia
t-sebaceous-hyperplasia-66.jpg,sebaceous_hyperplasia
t-sebaceous-hyperplasia-67.jpg,sebaceous_hyperplasia
t-sebaceous-hyperplasia-68.jpg,sebaceous_hyperplasia
t-sebaceous-hyperplasia-69.jpg,sebaceous_hyperplasia
t-sebaceous-hyperplasia-7.jpg,sebaceous_hyperplasia
t-sebaceous-hyperplasia-70.jpg,sebaceous_hyperplasia
t-sebaceous-hyperplasia-71.jpg,sebaceous_hyperplasia
t-sebaceous-hyperplasia-72.jpg,sebaceous_hyperplasia
t-sebaceous-hyperplasia-73.jpg,sebaceous_hyperplasia
t-sebaceous-hyperplasia-74.jpg,sebaceous_hyperplasia
t-sebaceous-hyperplasia-76.jpg,sebaceous_hyperplasia
t-sebaceous-hyperplasia-77.jpg,sebaceous_hyperplasia
t-sebaceous-hyperplasia-78.jpg,sebaceous_hyperplasia
t-sebaceous-hyperplasia-79.jpg,sebaceous_hyperplasia
t-sebaceous-hyperplasia-8.jpg,sebaceous_hyperplasia
t-sebaceous-hyperplasia-80.jpg,sebaceous_hyperplasia
t-sebaceous-hyperplasia-81.jpg,sebaceous_hyperplasia
t-sebaceous-hyperplasia-82.jpg,sebaceous_hyperplasia
t-sebaceous-hyperplasia-83.jpg,sebaceous_hyperplasia
t-sebaceous-hyperplasia-84.jpg,sebaceous_hyperplasia
t-sebaceous-hyperplasia-85.jpg,sebaceous_hyperplasia
t-sebaceous-hyperplasia-86.jpg,sebaceous_hyperplasia
t-sebaceous-hyperplasia-88.jpg,sebaceous_hyperplasia
t-sebaceous-hyperplasia-89.jpg,sebaceous_hyperplasia
t-sebaceous-hyperplasia-91.jpg,sebaceous_hyperplasia
t-sebaceous-hyperplasia-92.jpg,sebaceous_hyperplasia
t-sebaceous-hyperplasia-93.jpg,sebaceous_hyperplasia
t-sebaceous-hyperplasia-94.jpg,sebaceous_hyperplasia
t-sebaceous-hyperplasia-95.jpg,sebaceous_hyperplasia
t-sebaceous-hyperplasia-97.jpg,sebaceous_hyperplasia
t-sebaceous-hyperplasia-98.jpg,sebaceous_hyperplasia
t-sebaceous-hyperplasia-99.jpg,sebaceous_hyperplasia
t-SebaceousAdemoma1.jpg,sebaceous_ademoma
t-sebaceousCarcinoma.jpg,sebaceous_carcinoma
t-Sebaceoushyperplasia.jpg,sebaceoushyperplasia
t-seborrheic-keratoses-ruff-00134.jpg,seborrheic_keratoses
t-seborrheic-keratoses-ruff-1.jpg,seborrheic_keratoses
t-seborrheic-keratoses-ruff-10.jpg,seborrheic_keratoses
t-seborrheic-keratoses-ruff-102.jpg,seborrheic_keratoses
t-seborrheic-keratoses-ruff-103.jpg,seborrheic_keratoses
t-seborrheic-keratoses-ruff-104.jpg,seborrheic_keratoses
t-seborrheic-keratoses-ruff-105.jpg,seborrheic_keratoses
t-seborrheic-keratoses-ruff-106.jpg,seborrheic_keratoses
t-seborrheic-keratoses-ruff-108.jpg,seborrheic_keratoses
t-seborrheic-keratoses-ruff-109.jpg,seborrheic_keratoses
t-seborrheic-keratoses-ruff-11.jpg,seborrheic_keratoses
t-seborrheic-keratoses-ruff-110.jpg,seborrheic_keratoses
t-seborrheic-keratoses-ruff-112.jpg,seborrheic_keratoses
t-seborrheic-keratoses-ruff-113.jpg,seborrheic_keratoses
t-seborrheic-keratoses-ruff-115.jpg,seborrheic_keratoses
t-seborrheic-keratoses-ruff-117.jpg,seborrheic_keratoses
t-seborrheic-keratoses-ruff-118.jpg,seborrheic_keratoses
t-seborrheic-keratoses-ruff-119.jpg,seborrheic_keratoses
t-seborrheic-keratoses-ruff-12.jpg,seborrheic_keratoses
t-seborrheic-keratoses-ruff-120.jpg,seborrheic_keratoses
t-seborrheic-keratoses-ruff-121.jpg,seborrheic_keratoses
t-seborrheic-keratoses-ruff-122.jpg,seborrheic_keratoses
t-seborrheic-keratoses-ruff-124.jpg,seborrheic_keratoses
t-seborrheic-keratoses-ruff-127.jpg,seborrheic_keratoses
t-seborrheic-keratoses-ruff-128.jpg,seborrheic_keratoses
t-seborrheic-keratoses-ruff-129.jpg,seborrheic_keratoses
t-seborrheic-keratoses-ruff-13.jpg,seborrheic_keratoses
t-seborrheic-keratoses-ruff-131.jpg,seborrheic_keratoses
t-seborrheic-keratoses-ruff-132.jpg,seborrheic_keratoses
t-seborrheic-keratoses-ruff-133.jpg,seborrheic_keratoses
t-seborrheic-keratoses-ruff-134.jpg,seborrheic_keratoses
t-seborrheic-keratoses-ruff-135.jpg,seborrheic_keratoses
t-seborrheic-keratoses-ruff-136.jpg,seborrheic_keratoses
t-seborrheic-keratoses-ruff-137.jpg,seborrheic_keratoses
t-seborrheic-keratoses-ruff-14.jpg,seborrheic_keratoses
t-seborrheic-keratoses-ruff-140.jpg,seborrheic_keratoses
t-seborrheic-keratoses-ruff-141.jpg,seborrheic_keratoses
t-seborrheic-keratoses-ruff-142.jpg,seborrheic_keratoses
t-seborrheic-keratoses-ruff-143.jpg,seborrheic_keratoses
t-seborrheic-keratoses-ruff-144.jpg,seborrheic_keratoses
t-seborrheic-keratoses-ruff-145.jpg,seborrheic_keratoses
t-seborrheic-keratoses-ruff-147.jpg,seborrheic_keratoses
t-seborrheic-keratoses-ruff-15.jpg,seborrheic_keratoses
t-seborrheic-keratoses-ruff-150.jpg,seborrheic_keratoses
t-seborrheic-keratoses-ruff-151.jpg,seborrheic_keratoses
t-seborrheic-keratoses-ruff-152.jpg,seborrheic_keratoses
t-seborrheic-keratoses-ruff-153.jpg,seborrheic_keratoses
t-seborrheic-keratoses-ruff-154.jpg,seborrheic_keratoses
t-seborrheic-keratoses-ruff-155.jpg,seborrheic_keratoses
t-seborrheic-keratoses-ruff-156.jpg,seborrheic_keratoses
t-seborrheic-keratoses-ruff-157.jpg,seborrheic_keratoses
t-seborrheic-keratoses-ruff-158.jpg,seborrheic_keratoses
t-seborrheic-keratoses-ruff-159.jpg,seborrheic_keratoses
t-seborrheic-keratoses-ruff-16.jpg,seborrheic_keratoses
t-seborrheic-keratoses-ruff-160.jpg,seborrheic_keratoses
t-seborrheic-keratoses-ruff-161.jpg,seborrheic_keratoses
t-seborrheic-keratoses-ruff-162.jpg,seborrheic_keratoses
t-seborrheic-keratoses-ruff-163.jpg,seborrheic_keratoses
t-seborrheic-keratoses-ruff-164.jpg,seborrheic_keratoses
t-seborrheic-keratoses-ruff-165.jpg,seborrheic_keratoses
t-seborrheic-keratoses-ruff-166.jpg,seborrheic_keratoses
t-seborrheic-keratoses-ruff-167.jpg,seborrheic_keratoses
t-seborrheic-keratoses-ruff-168.jpg,seborrheic_keratoses
t-seborrheic-keratoses-ruff-169.jpg,seborrheic_keratoses
t-seborrheic-keratoses-ruff-17.jpg,seborrheic_keratoses
t-seborrheic-keratoses-ruff-171.jpg,seborrheic_keratoses
t-seborrheic-keratoses-ruff-172.jpg,seborrheic_keratoses
t-seborrheic-keratoses-ruff-173.jpg,seborrheic_keratoses
t-seborrheic-keratoses-ruff-175.jpg,seborrheic_keratoses
t-seborrheic-keratoses-ruff-176.jpg,seborrheic_keratoses
t-seborrheic-keratoses-ruff-177.jpg,seborrheic_keratoses
t-seborrheic-keratoses-ruff-178.jpg,seborrheic_keratoses
t-seborrheic-keratoses-ruff-179.jpg,seborrheic_keratoses
t-seborrheic-keratoses-ruff-18.jpg,seborrheic_keratoses
t-seborrheic-keratoses-ruff-180.jpg,seborrheic_keratoses
t-seborrheic-keratoses-ruff-181.jpg,seborrheic_keratoses
t-seborrheic-keratoses-ruff-183.jpg,seborrheic_keratoses
t-seborrheic-keratoses-ruff-185.jpg,seborrheic_keratoses
t-seborrheic-keratoses-ruff-186.jpg,seborrheic_keratoses
t-seborrheic-keratoses-ruff-187.jpg,seborrheic_keratoses
t-seborrheic-keratoses-ruff-188.jpg,seborrheic_keratoses
t-seborrheic-keratoses-ruff-189.jpg,seborrheic_keratoses
t-seborrheic-keratoses-ruff-19.jpg,seborrheic_keratoses
t-seborrheic-keratoses-ruff-190.jpg,seborrheic_keratoses
t-seborrheic-keratoses-ruff-191.jpg,seborrheic_keratoses
t-seborrheic-keratoses-ruff-192.jpg,seborrheic_keratoses
t-seborrheic-keratoses-ruff-194.jpg,seborrheic_keratoses
t-seborrheic-keratoses-ruff-8.jpg,seborrheic_keratoses
t-seborrheic-keratoses-ruff-81.jpg,seborrheic_keratoses
t-seborrheic-keratoses-ruff-83.jpg,seborrheic_keratoses
t-seborrheic-keratoses-ruff-84.jpg,seborrheic_keratoses
t-seborrheic-keratoses-ruff-85.jpg,seborrheic_keratoses
t-seborrheic-keratoses-ruff-86.jpg,seborrheic_keratoses
t-seborrheic-keratoses-ruff-87.jpg,seborrheic_keratoses
t-seborrheic-keratoses-ruff-88.jpg,seborrheic_keratoses
t-seborrheic-keratoses-ruff-89.jpg,seborrheic_keratoses
t-seborrheic-keratoses-ruff-9.jpg,seborrheic_keratoses
t-seborrheic-keratoses-ruff-90.jpg,seborrheic_keratoses
t-seborrheic-keratoses-ruff-93.jpg,seborrheic_keratoses
t-seborrheic-keratoses-ruff-94.jpg,seborrheic_keratoses
t-seborrheic-keratoses-ruff-95.jpg,seborrheic_keratoses
t-seborrheic-keratoses-ruff-96.jpg,seborrheic_keratoses
t-seborrheic-keratoses-ruff-97.jpg,seborrheic_keratoses
t-seborrheic-keratoses-ruff-98.jpg,seborrheic_keratoses
t-seborrheic-keratoses-ruff-99.jpg,seborrheic_keratoses
t-seborrheic-keratoses-smooth-1.jpg,seborrheic_keratoses
t-seborrheic-keratoses-smooth-10.jpg,seborrheic_keratoses
t-seborrheic-keratoses-smooth-100.jpg,seborrheic_keratoses
t-seborrheic-keratoses-smooth-101.jpg,seborrheic_keratoses
t-seborrheic-keratoses-smooth-102.jpg,seborrheic_keratoses
t-seborrheic-keratoses-smooth-103.jpg,seborrheic_keratoses
t-seborrheic-keratoses-smooth-104.jpg,seborrheic_keratoses
t-seborrheic-keratoses-smooth-105.jpg,seborrheic_keratoses
t-seborrheic-keratoses-smooth-106.jpg,seborrheic_keratoses
t-seborrheic-keratoses-smooth-108.jpg,seborrheic_keratoses
t-seborrheic-keratoses-smooth-109.jpg,seborrheic_keratoses
t-seborrheic-keratoses-smooth-11.jpg,seborrheic_keratoses
t-seborrheic-keratoses-smooth-111.jpg,seborrheic_keratoses
t-seborrheic-keratoses-smooth-115.jpg,seborrheic_keratoses
t-seborrheic-keratoses-smooth-117.jpg,seborrheic_keratoses
t-seborrheic-keratoses-smooth-118.jpg,seborrheic_keratoses
t-seborrheic-keratoses-smooth-119.jpg,seborrheic_keratoses
t-seborrheic-keratoses-smooth-12.jpg,seborrheic_keratoses
t-seborrheic-keratoses-smooth-120.jpg,seborrheic_keratoses
t-seborrheic-keratoses-smooth-122.jpg,seborrheic_keratoses
t-seborrheic-keratoses-smooth-123.jpg,seborrheic_keratoses
t-seborrheic-keratoses-smooth-124.jpg,seborrheic_keratoses
t-seborrheic-keratoses-smooth-125.jpg,seborrheic_keratoses
t-seborrheic-keratoses-smooth-126.jpg,seborrheic_keratoses
t-seborrheic-keratoses-smooth-128.jpg,seborrheic_keratoses
t-seborrheic-keratoses-smooth-129.jpg,seborrheic_keratoses
t-seborrheic-keratoses-smooth-13.jpg,seborrheic_keratoses
t-seborrheic-keratoses-smooth-130.jpg,seborrheic_keratoses
t-seborrheic-keratoses-smooth-131.jpg,seborrheic_keratoses
t-seborrheic-keratoses-smooth-14.jpg,seborrheic_keratoses
t-seborrheic-keratoses-smooth-15.jpg,seborrheic_keratoses
t-seborrheic-keratoses-smooth-17.jpg,seborrheic_keratoses
t-seborrheic-keratoses-smooth-18.jpg,seborrheic_keratoses
t-seborrheic-keratoses-smooth-19.jpg,seborrheic_keratoses
t-seborrheic-keratoses-smooth-2.jpg,seborrheic_keratoses
t-seborrheic-keratoses-smooth-21.jpg,seborrheic_keratoses
t-seborrheic-keratoses-smooth-22.jpg,seborrheic_keratoses
t-seborrheic-keratoses-smooth-23.jpg,seborrheic_keratoses
t-seborrheic-keratoses-smooth-24.jpg,seborrheic_keratoses
t-seborrheic-keratoses-smooth-25.jpg,seborrheic_keratoses
t-seborrheic-keratoses-smooth-27.jpg,seborrheic_keratoses
t-seborrheic-keratoses-smooth-28.jpg,seborrheic_keratoses
t-seborrheic-keratoses-smooth-29.jpg,seborrheic_keratoses
t-seborrheic-keratoses-smooth-3.jpg,seborrheic_keratoses
t-seborrheic-keratoses-smooth-30.jpg,seborrheic_keratoses
t-seborrheic-keratoses-smooth-33.jpg,seborrheic_keratoses
t-seborrheic-keratoses-smooth-34.jpg,seborrheic_keratoses
t-seborrheic-keratoses-smooth-37.jpg,seborrheic_keratoses
t-seborrheic-keratoses-smooth-38.jpg,seborrheic_keratoses
t-seborrheic-keratoses-smooth-39.jpg,seborrheic_keratoses
t-seborrheic-keratoses-smooth-4.jpg,seborrheic_keratoses
t-seborrheic-keratoses-smooth-40.jpg,seborrheic_keratoses
t-seborrheic-keratoses-smooth-41.jpg,seborrheic_keratoses
t-seborrheic-keratoses-smooth-43.jpg,seborrheic_keratoses
t-seborrheic-keratoses-smooth-45.jpg,seborrheic_keratoses
t-seborrheic-keratoses-smooth-46.jpg,seborrheic_keratoses
t-seborrheic-keratoses-smooth-48.jpg,seborrheic_keratoses
t-seborrheic-keratoses-smooth-49.jpg,seborrheic_keratoses
t-seborrheic-keratoses-smooth-5.jpg,seborrheic_keratoses
t-seborrheic-keratoses-smooth-50.jpg,seborrheic_keratoses
t-seborrheic-keratoses-smooth-51.jpg,seborrheic_keratoses
t-seborrheic-keratoses-smooth-52.jpg,seborrheic_keratoses
t-seborrheic-keratoses-smooth-53.jpg,seborrheic_keratoses
t-seborrheic-keratoses-smooth-54.jpg,seborrheic_keratoses
t-seborrheic-keratoses-smooth-55.jpg,seborrheic_keratoses
t-seborrheic-keratoses-smooth-56.jpg,seborrheic_keratoses
t-seborrheic-keratoses-smooth-58.jpg,seborrheic_keratoses
t-seborrheic-keratoses-smooth-59.jpg,seborrheic_keratoses
t-seborrheic-keratoses-smooth-60.jpg,seborrheic_keratoses
t-seborrheic-keratoses-smooth-61.jpg,seborrheic_keratoses
t-seborrheic-keratoses-smooth-63.jpg,seborrheic_keratoses
t-seborrheic-keratoses-smooth-64.jpg,seborrheic_keratoses
t-seborrheic-keratoses-smooth-65.jpg,seborrheic_keratoses
t-seborrheic-keratoses-smooth-67.jpg,seborrheic_keratoses
t-seborrheic-keratoses-smooth-69.jpg,seborrheic_keratoses
t-seborrheic-keratoses-smooth-7.jpg,seborrheic_keratoses
t-seborrheic-keratoses-smooth-70.jpg,seborrheic_keratoses
t-seborrheic-keratoses-smooth-71.jpg,seborrheic_keratoses
t-seborrheic-keratoses-smooth-72.jpg,seborrheic_keratoses
t-seborrheic-keratoses-smooth-73.jpg,seborrheic_keratoses
t-seborrheic-keratoses-smooth-74.jpg,seborrheic_keratoses
t-seborrheic-keratoses-smooth-75.jpg,seborrheic_keratoses
t-seborrheic-keratoses-smooth-77.jpg,seborrheic_keratoses
t-seborrheic-keratoses-smooth-79.jpg,seborrheic_keratoses
t-seborrheic-keratoses-smooth-8.jpg,seborrheic_keratoses
t-seborrheic-keratoses-smooth-80.jpg,seborrheic_keratoses
t-seborrheic-keratoses-smooth-81.jpg,seborrheic_keratoses
t-seborrheic-keratoses-smooth-82.jpg,seborrheic_keratoses
t-seborrheic-keratoses-smooth-83.jpg,seborrheic_keratoses
t-seborrheic-keratoses-smooth-84.jpg,seborrheic_keratoses
t-seborrheic-keratoses-smooth-85.jpg,seborrheic_keratoses
t-seborrheic-keratoses-smooth-86.jpg,seborrheic_keratoses
t-seborrheic-keratoses-smooth-87.jpg,seborrheic_keratoses
t-seborrheic-keratoses-smooth-88.jpg,seborrheic_keratoses
t-seborrheic-keratoses-smooth-89.jpg,seborrheic_keratoses
t-seborrheic-keratoses-smooth-9.jpg,seborrheic_keratoses
t-seborrheic-keratoses-smooth-90.jpg,seborrheic_keratoses
t-seborrheic-keratoses-smooth-91.jpg,seborrheic_keratoses
t-seborrheic-keratoses-smooth-92.jpg,seborrheic_keratoses
t-seborrheic-keratoses-smooth-93.jpg,seborrheic_keratoses
t-seborrheic-keratoses-smooth-95.jpg,seborrheic_keratoses
t-seborrheic-keratoses-smooth-96.jpg,seborrheic_keratoses
t-seborrheic-keratoses-smooth-97.jpg,seborrheic_keratoses
t-seborrheic-keratoses-smooth-98.jpg,seborrheic_keratoses
t-seborrheic-keratosis-irritated-10.jpg,seborrheic_keratosis
t-seborrheic-keratosis-irritated-100.jpg,seborrheic_keratosis
t-seborrheic-keratosis-irritated-102.jpg,seborrheic_keratosis
t-seborrheic-keratosis-irritated-103.jpg,seborrheic_keratosis
t-seborrheic-keratosis-irritated-104.jpg,seborrheic_keratosis
t-seborrheic-keratosis-irritated-106.jpg,seborrheic_keratosis
t-seborrheic-keratosis-irritated-108.jpg,seborrheic_keratosis
t-seborrheic-keratosis-irritated-11.jpg,seborrheic_keratosis
t-seborrheic-keratosis-irritated-111.jpg,seborrheic_keratosis
t-seborrheic-keratosis-irritated-112.jpg,seborrheic_keratosis
t-seborrheic-keratosis-irritated-116.jpg,seborrheic_keratosis
t-seborrheic-keratosis-irritated-117.jpg,seborrheic_keratosis
t-seborrheic-keratosis-irritated-118.jpg,seborrheic_keratosis
t-seborrheic-keratosis-irritated-119.jpg,seborrheic_keratosis
t-seborrheic-keratosis-irritated-12.jpg,seborrheic_keratosis
t-seborrheic-keratosis-irritated-120.jpg,seborrheic_keratosis
t-seborrheic-keratosis-irritated-121.jpg,seborrheic_keratosis
t-seborrheic-keratosis-irritated-122.jpg,seborrheic_keratosis
t-seborrheic-keratosis-irritated-123.jpg,seborrheic_keratosis
t-seborrheic-keratosis-irritated-125.jpg,seborrheic_keratosis
t-seborrheic-keratosis-irritated-127.jpg,seborrheic_keratosis
t-seborrheic-keratosis-irritated-128.jpg,seborrheic_keratosis
t-seborrheic-keratosis-irritated-13.jpg,seborrheic_keratosis
t-seborrheic-keratosis-irritated-131.jpg,seborrheic_keratosis
t-seborrheic-keratosis-irritated-132.jpg,seborrheic_keratosis
t-seborrheic-keratosis-irritated-133.jpg,seborrheic_keratosis
t-seborrheic-keratosis-irritated-134.jpg,seborrheic_keratosis
t-seborrheic-keratosis-irritated-136.jpg,seborrheic_keratosis
t-seborrheic-keratosis-irritated-138.jpg,seborrheic_keratosis
t-seborrheic-keratosis-irritated-139.jpg,seborrheic_keratosis
t-seborrheic-keratosis-irritated-14.jpg,seborrheic_keratosis
t-seborrheic-keratosis-irritated-141.jpg,seborrheic_keratosis
t-seborrheic-keratosis-irritated-142.jpg,seborrheic_keratosis
t-seborrheic-keratosis-irritated-143.jpg,seborrheic_keratosis
t-seborrheic-keratosis-irritated-144.jpg,seborrheic_keratosis
t-seborrheic-keratosis-irritated-146.jpg,seborrheic_keratosis
t-seborrheic-keratosis-irritated-147.jpg,seborrheic_keratosis
t-seborrheic-keratosis-irritated-148.jpg,seborrheic_keratosis
t-seborrheic-keratosis-irritated-15.jpg,seborrheic_keratosis
t-seborrheic-keratosis-irritated-151.jpg,seborrheic_keratosis
t-seborrheic-keratosis-irritated-154.jpg,seborrheic_keratosis
t-seborrheic-keratosis-irritated-156.jpg,seborrheic_keratosis
t-seborrheic-keratosis-irritated-157.jpg,seborrheic_keratosis
t-seborrheic-keratosis-irritated-158.jpg,seborrheic_keratosis
t-seborrheic-keratosis-irritated-159.jpg,seborrheic_keratosis
t-seborrheic-keratosis-irritated-16.jpg,seborrheic_keratosis
t-seborrheic-keratosis-irritated-160.jpg,seborrheic_keratosis
t-seborrheic-keratosis-irritated-161.jpg,seborrheic_keratosis
t-seborrheic-keratosis-irritated-163.jpg,seborrheic_keratosis
t-seborrheic-keratosis-irritated-164.jpg,seborrheic_keratosis
t-seborrheic-keratosis-irritated-165.jpg,seborrheic_keratosis
t-seborrheic-keratosis-irritated-166.jpg,seborrheic_keratosis
t-seborrheic-keratosis-irritated-167.jpg,seborrheic_keratosis
t-seborrheic-keratosis-irritated-169.jpg,seborrheic_keratosis
t-seborrheic-keratosis-irritated-17.jpg,seborrheic_keratosis
t-seborrheic-keratosis-irritated-170.jpg,seborrheic_keratosis
t-seborrheic-keratosis-irritated-171.jpg,seborrheic_keratosis
t-seborrheic-keratosis-irritated-172.jpg,seborrheic_keratosis
t-seborrheic-keratosis-irritated-173.jpg,seborrheic_keratosis
t-seborrheic-keratosis-irritated-174.jpg,seborrheic_keratosis
t-seborrheic-keratosis-irritated-175.jpg,seborrheic_keratosis
t-seborrheic-keratosis-irritated-176.jpg,seborrheic_keratosis
t-seborrheic-keratosis-irritated-177.jpg,seborrheic_keratosis
t-seborrheic-keratosis-irritated-178.jpg,seborrheic_keratosis
t-seborrheic-keratosis-irritated-179.jpg,seborrheic_keratosis
t-seborrheic-keratosis-irritated-18.jpg,seborrheic_keratosis
t-seborrheic-keratosis-irritated-180.jpg,seborrheic_keratosis
t-seborrheic-keratosis-irritated-181.jpg,seborrheic_keratosis
t-seborrheic-keratosis-irritated-182.jpg,seborrheic_keratosis
t-seborrheic-keratosis-irritated-183.jpg,seborrheic_keratosis
t-seborrheic-keratosis-irritated-185.jpg,seborrheic_keratosis
t-seborrheic-keratosis-irritated-19.jpg,seborrheic_keratosis
t-seborrheic-keratosis-irritated-2.jpg,seborrheic_keratosis
t-seborrheic-keratosis-irritated-20.jpg,seborrheic_keratosis
t-seborrheic-keratosis-irritated-21.jpg,seborrheic_keratosis
t-seborrheic-keratosis-irritated-24.jpg,seborrheic_keratosis
t-seborrheic-keratosis-irritated-25.jpg,seborrheic_keratosis
t-seborrheic-keratosis-irritated-26.jpg,seborrheic_keratosis
t-seborrheic-keratosis-irritated-27.jpg,seborrheic_keratosis
t-seborrheic-keratosis-irritated-29.jpg,seborrheic_keratosis
t-seborrheic-keratosis-irritated-3.jpg,seborrheic_keratosis
t-seborrheic-keratosis-irritated-30.jpg,seborrheic_keratosis
t-seborrheic-keratosis-irritated-31.jpg,seborrheic_keratosis
t-seborrheic-keratosis-irritated-33.jpg,seborrheic_keratosis
t-seborrheic-keratosis-irritated-34.jpg,seborrheic_keratosis
t-seborrheic-keratosis-irritated-35.jpg,seborrheic_keratosis
t-seborrheic-keratosis-irritated-36.jpg,seborrheic_keratosis
t-seborrheic-keratosis-irritated-82.jpg,seborrheic_keratosis
t-seborrheic-keratosis-irritated-83.jpg,seborrheic_keratosis
t-seborrheic-keratosis-irritated-84.jpg,seborrheic_keratosis
t-seborrheic-keratosis-irritated-85.jpg,seborrheic_keratosis
t-seborrheic-keratosis-irritated-87.jpg,seborrheic_keratosis
t-seborrheic-keratosis-irritated-88.jpg,seborrheic_keratosis
t-seborrheic-keratosis-irritated-9.jpg,seborrheic_keratosis
t-seborrheic-keratosis-irritated-90.jpg,seborrheic_keratosis
t-seborrheic-keratosis-irritated-92.jpg,seborrheic_keratosis
t-seborrheic-keratosis-irritated-93.jpg,seborrheic_keratosis
t-seborrheic-keratosis-irritated-94.jpg,seborrheic_keratosis
t-seborrheic-keratosis-irritated-95.jpg,seborrheic_keratosis
t-seborrheic-keratosis-irritated-96.jpg,seborrheic_keratosis
t-seborrheic-keratosis-irritated-97.jpg,seborrheic_keratosis
t-seborrheic-keratosis-irritated-98.jpg,seborrheic_keratosis
t-skin-tags-polyps-1.jpg,skin_tags
t-skin-tags-polyps-10.jpg,skin_tags
t-skin-tags-polyps-11.jpg,skin_tags
t-skin-tags-polyps-12.jpg,skin_tags
t-skin-tags-polyps-13.jpg,skin_tags
t-skin-tags-polyps-14.jpg,skin_tags
t-skin-tags-polyps-145.jpg,skin_tags
t-skin-tags-polyps-146.jpg,skin_tags
t-skin-tags-polyps-147.jpg,skin_tags
t-skin-tags-polyps-148.jpg,skin_tags
t-skin-tags-polyps-15.jpg,skin_tags
t-skin-tags-polyps-17.jpg,skin_tags
t-skin-tags-polyps-18.jpg,skin_tags
t-skin-tags-polyps-19.jpg,skin_tags
t-skin-tags-polyps-2.jpg,skin_tags
t-skin-tags-polyps-20.jpg,skin_tags
t-skin-tags-polyps-21.jpg,skin_tags
t-skin-tags-polyps-24.jpg,skin_tags
t-skin-tags-polyps-25.jpg,skin_tags
t-skin-tags-polyps-28.jpg,skin_tags
t-skin-tags-polyps-29.jpg,skin_tags
t-skin-tags-polyps-3.jpg,skin_tags
t-skin-tags-polyps-30.jpg,skin_tags
t-skin-tags-polyps-31.jpg,skin_tags
t-skin-tags-polyps-33.jpg,skin_tags
t-skin-tags-polyps-34.jpg,skin_tags
t-skin-tags-polyps-35.jpg,skin_tags
t-skin-tags-polyps-37.jpg,skin_tags
t-skin-tags-polyps-38.jpg,skin_tags
t-skin-tags-polyps-39.jpg,skin_tags
t-skin-tags-polyps-4.jpg,skin_tags
t-skin-tags-polyps-40.jpg,skin_tags
t-skin-tags-polyps-41.jpg,skin_tags
t-skin-tags-polyps-42.jpg,skin_tags
t-skin-tags-polyps-44.jpg,skin_tags
t-skin-tags-polyps-45.jpg,skin_tags
t-skin-tags-polyps-46.jpg,skin_tags
t-skin-tags-polyps-48.jpg,skin_tags
t-skin-tags-polyps-49.jpg,skin_tags
t-skin-tags-polyps-5.jpg,skin_tags
t-skin-tags-polyps-50.jpg,skin_tags
t-skin-tags-polyps-51.jpg,skin_tags
t-skin-tags-polyps-52.jpg,skin_tags
t-skin-tags-polyps-53.jpg,skin_tags
t-skin-tags-polyps-54.jpg,skin_tags
t-skin-tags-polyps-55.jpg,skin_tags
t-skin-tags-polyps-56.jpg,skin_tags
t-skin-tags-polyps-57.jpg,skin_tags
t-skin-tags-polyps-58.jpg,skin_tags
t-skin-tags-polyps-59.jpg,skin_tags
t-skin-tags-polyps-6.jpg,skin_tags
t-skin-tags-polyps-62.jpg,skin_tags
t-skin-tags-polyps-63.jpg,skin_tags
t-skin-tags-polyps-64.jpg,skin_tags
t-skin-tags-polyps-65.jpg,skin_tags
t-skin-tags-polyps-67.jpg,skin_tags
t-skin-tags-polyps-7.jpg,skin_tags
t-skin-tags-polyps-71.jpg,skin_tags
t-skin-tags-polyps-72.jpg,skin_tags
t-skin-tags-polyps-73.jpg,skin_tags
t-skin-tags-polyps-74.jpg,skin_tags
t-skin-tags-polyps-75.jpg,skin_tags
t-skin-tags-polyps-77.jpg,skin_tags
t-skin-tags-polyps-78.jpg,skin_tags
t-skin-tags-polyps-79.jpg,skin_tags
t-skin-tags-polyps-8.jpg,skin_tags
t-skin-tags-polyps-80.jpg,skin_tags
t-skin-tags-polyps-82.jpg,skin_tags
t-skin-tags-polyps-83.jpg,skin_tags
t-skin-tags-polyps-85.jpg,skin_tags
t-skin-tags-polyps-87.jpg,skin_tags
t-skin-tags-polyps-88.jpg,skin_tags
t-skin-tags-polyps-9.jpg,skin_tags
t-skin-tags-polyps-90.jpg,skin_tags
t-skin-tags-polyps-91.jpg,skin_tags
t-skin-tags-polyps-92.jpg,skin_tags
t-skin-tags-polyps-93.jpg,skin_tags
t-skin-tags-polyps-94.jpg,skin_tags
t-skin-tags-polyps-95.jpg,skin_tags
t-skin-tags-polyps-96.jpg,skin_tags
t-skin-tags-polyps-98.jpg,skin_tags
t-skin-tags-polyps-99.jpg,skin_tags
t-spiny-keratoderma-1.jpg,spiny_keratoderma
t-spiny-keratoderma-3.jpg,spiny_keratoderma
t-spiny-keratoderma-4.jpg,spiny_keratoderma
t-spiny-keratoderma-5.jpg,spiny_keratoderma
t-spiny-keratoderma-6.jpg,spiny_keratoderma
t-spiny-keratoderma-7.jpg,spiny_keratoderma
t-spiny-keratoderma-8.jpg,spiny_keratoderma
t-stucco-keratoses-1.jpg,stucco_keratoses
t-stucco-keratoses-10.jpg,stucco_keratoses
t-stucco-keratoses-12.jpg,stucco_keratoses
t-stucco-keratoses-14.jpg,stucco_keratoses
t-stucco-keratoses-15.jpg,stucco_keratoses
t-stucco-keratoses-17.jpg,stucco_keratoses
t-stucco-keratoses-19.jpg,stucco_keratoses
t-stucco-keratoses-2.jpg,stucco_keratoses
t-stucco-keratoses-22.jpg,stucco_keratoses
t-stucco-keratoses-23.jpg,stucco_keratoses
t-stucco-keratoses-24.jpg,stucco_keratoses
t-stucco-keratoses-26.jpg,stucco_keratoses
t-stucco-keratoses-27.jpg,stucco_keratoses
t-stucco-keratoses-28.jpg,stucco_keratoses
t-stucco-keratoses-29.jpg,stucco_keratoses
t-stucco-keratoses-3.jpg,stucco_keratoses
t-stucco-keratoses-30.jpg,stucco_keratoses
t-stucco-keratoses-31.jpg,stucco_keratoses
t-stucco-keratoses-32.jpg,stucco_keratoses
t-stucco-keratoses-33.jpg,stucco_keratoses
t-stucco-keratoses-34.jpg,stucco_keratoses
t-stucco-keratoses-35.jpg,stucco_keratoses
t-stucco-keratoses-36.jpg,stucco_keratoses
t-stucco-keratoses-38.jpg,stucco_keratoses
t-stucco-keratoses-39.jpg,stucco_keratoses
t-stucco-keratoses-40.jpg,stucco_keratoses
t-stucco-keratoses-41.jpg,stucco_keratoses
t-stucco-keratoses-42.jpg,stucco_keratoses
t-stucco-keratoses-43.jpg,stucco_keratoses
t-stucco-keratoses-44.jpg,stucco_keratoses
t-stucco-keratoses-45.jpg,stucco_keratoses
t-stucco-keratoses-46.jpg,stucco_keratoses
t-stucco-keratoses-47.jpg,stucco_keratoses
t-stucco-keratoses-48.jpg,stucco_keratoses
t-stucco-keratoses-5.jpg,stucco_keratoses
t-stucco-keratoses-50.jpg,stucco_keratoses
t-stucco-keratoses-51.jpg,stucco_keratoses
t-stucco-keratoses-52.jpg,stucco_keratoses
t-stucco-keratoses-54.jpg,stucco_keratoses
t-stucco-keratoses-55.jpg,stucco_keratoses
t-stucco-keratoses-56.jpg,stucco_keratoses
t-stucco-keratoses-57.jpg,stucco_keratoses
t-stucco-keratoses-58.jpg,stucco_keratoses
t-stucco-keratoses-6.jpg,stucco_keratoses
t-stucco-keratoses-60.jpg,stucco_keratoses
t-stucco-keratoses-61.jpg,stucco_keratoses
t-stucco-keratoses-7.jpg,stucco_keratoses
t-stucco-keratoses-9.jpg,stucco_keratoses
t-supernumerary-digits-1.jpg,supernumerary_digits
t-syringoma-1.jpg,syringoma
t-syringoma-10.jpg,syringoma
t-syringoma-11.jpg,syringoma
t-syringoma-12.jpg,syringoma
t-syringoma-13.jpg,syringoma
t-syringoma-15.jpg,syringoma
t-syringoma-16.jpg,syringoma
t-syringoma-17.jpg,syringoma
t-syringoma-18.jpg,syringoma
t-syringoma-19.jpg,syringoma
t-syringoma-2.jpg,syringoma
t-syringoma-20.jpg,syringoma
t-syringoma-21.jpg,syringoma
t-syringoma-22.jpg,syringoma
t-syringoma-23.jpg,syringoma
t-syringoma-24.jpg,syringoma
t-syringoma-25.jpg,syringoma
t-syringoma-27.jpg,syringoma
t-syringoma-28.jpg,syringoma
t-syringoma-29.jpg,syringoma
t-syringoma-3.jpg,syringoma
t-syringoma-30.jpg,syringoma
t-syringoma-31.jpg,syringoma
t-syringoma-32.jpg,syringoma
t-syringoma-33.jpg,syringoma
t-syringoma-35.jpg,syringoma
t-syringoma-37.jpg,syringoma
t-syringoma-38.jpg,syringoma
t-syringoma-39.jpg,syringoma
t-syringoma-4.jpg,syringoma
t-syringoma-40.jpg,syringoma
t-syringoma-41.jpg,syringoma
t-syringoma-43.jpg,syringoma
t-syringoma-44.jpg,syringoma
t-syringoma-45.jpg,syringoma
t-syringoma-46.jpg,syringoma
t-syringoma-47.jpg,syringoma
t-syringoma-48.jpg,syringoma
t-syringoma-49.jpg,syringoma
t-syringoma-5.jpg,syringoma
t-syringoma-50.jpg,syringoma
t-syringoma-6.jpg,syringoma
t-syringoma-8.jpg,syringoma
t-syringoma-9.jpg,syringoma
t-tinea-beard-1.jpg,tinea_beard
t-tinea-beard-10.jpg,tinea_beard
t-tinea-beard-11.jpg,tinea_beard
t-tinea-beard-12.jpg,tinea_beard
t-tinea-beard-15.jpg,tinea_beard
t-tinea-beard-16.jpg,tinea_beard
t-tinea-beard-17.jpg,tinea_beard
t-tinea-beard-18.jpg,tinea_beard
t-tinea-beard-19.jpg,tinea_beard
t-tinea-beard-4.jpg,tinea_beard
t-tinea-beard-5.jpg,tinea_beard
t-tinea-beard-7.jpg,tinea_beard
t-tinea-beard-8.jpg,tinea_beard
t-tinea-beard-9.jpg,tinea_beard
t-tinea-body-1.jpg,tinea_body
t-tinea-body-10.jpg,tinea_body
t-tinea-body-101.jpg,tinea_body
t-tinea-body-103.jpg,tinea_body
t-tinea-body-104.jpg,tinea_body
t-tinea-body-105.jpg,tinea_body
t-tinea-body-106.jpg,tinea_body
t-tinea-body-107.jpg,tinea_body
t-tinea-body-108.jpg,tinea_body
t-tinea-body-11.jpg,tinea_body
t-tinea-body-111.jpg,tinea_body
t-tinea-body-112.jpg,tinea_body
t-tinea-body-113.jpg,tinea_body
t-tinea-body-114.jpg,tinea_body
t-tinea-body-116.jpg,tinea_body
t-tinea-body-117.jpg,tinea_body
t-tinea-body-119.jpg,tinea_body
t-tinea-body-12.jpg,tinea_body
t-tinea-body-120.jpg,tinea_body
t-tinea-body-121.jpg,tinea_body
t-tinea-body-125.jpg,tinea_body
t-tinea-body-126.jpg,tinea_body
t-tinea-body-128.jpg,tinea_body
t-tinea-body-129.jpg,tinea_body
t-tinea-body-13.jpg,tinea_body
t-tinea-body-133.jpg,tinea_body
t-tinea-body-135.jpg,tinea_body
t-tinea-body-136.jpg,tinea_body
t-tinea-body-139.jpg,tinea_body
t-tinea-body-14.jpg,tinea_body
t-tinea-body-141.jpg,tinea_body
t-tinea-body-142.jpg,tinea_body
t-tinea-body-143.jpg,tinea_body
t-tinea-body-145.jpg,tinea_body
t-tinea-body-146.jpg,tinea_body
t-tinea-body-147.jpg,tinea_body
t-tinea-body-148.jpg,tinea_body
t-tinea-body-15.jpg,tinea_body
t-tinea-body-151.jpg,tinea_body
t-tinea-body-153.jpg,tinea_body
t-tinea-body-154.jpg,tinea_body
t-tinea-body-155.jpg,tinea_body
t-tinea-body-157.jpg,tinea_body
t-tinea-body-158.jpg,tinea_body
t-tinea-body-159.jpg,tinea_body
t-tinea-body-16.jpg,tinea_body
t-tinea-body-162.jpg,tinea_body
t-tinea-body-163.jpg,tinea_body
t-tinea-body-165.jpg,tinea_body
t-tinea-body-166.jpg,tinea_body
t-tinea-body-167.jpg,tinea_body
t-tinea-body-169.jpg,tinea_body
t-tinea-body-17.jpg,tinea_body
t-tinea-body-170.jpg,tinea_body
t-tinea-body-171.jpg,tinea_body
t-tinea-body-172.jpg,tinea_body
t-tinea-body-173.jpg,tinea_body
t-tinea-body-174.jpg,tinea_body
t-tinea-body-175.jpg,tinea_body
t-tinea-body-176.jpg,tinea_body
t-tinea-body-177.jpg,tinea_body
t-tinea-body-178.jpg,tinea_body
t-tinea-body-179.jpg,tinea_body
t-tinea-body-18.jpg,tinea_body
t-tinea-body-181.jpg,tinea_body
t-tinea-body-182.jpg,tinea_body
t-tinea-body-183.jpg,tinea_body
t-tinea-body-184.jpg,tinea_body
t-tinea-body-185.jpg,tinea_body
t-tinea-body-186.jpg,tinea_body
t-tinea-body-187.jpg,tinea_body
t-tinea-body-188.jpg,tinea_body
t-tinea-body-189.jpg,tinea_body
t-tinea-body-19.jpg,tinea_body
t-tinea-body-190.jpg,tinea_body
t-tinea-body-191.jpg,tinea_body
t-tinea-body-193.jpg,tinea_body
t-tinea-body-194.jpg,tinea_body
t-tinea-body-195.jpg,tinea_body
t-tinea-body-197.jpg,tinea_body
t-tinea-body-2.jpg,tinea_body
t-tinea-body-20.jpg,tinea_body
t-tinea-body-200.jpg,tinea_body
t-tinea-body-81.jpg,tinea_body
t-tinea-body-83.jpg,tinea_body
t-tinea-body-86.jpg,tinea_body
t-tinea-body-89.jpg,tinea_body
t-tinea-body-91.jpg,tinea_body
t-tinea-body-92.jpg,tinea_body
t-tinea-body-93.jpg,tinea_body
t-tinea-body-94.jpg,tinea_body
t-tinea-body-95.jpg,tinea_body
t-tinea-body-96.jpg,tinea_body
t-tinea-body-98.jpg,tinea_body
t-tinea-body-99.jpg,tinea_body
t-tinea-border-1.jpg,tinea_border
t-tinea-border-2.jpg,tinea_border
t-tinea-border-4.jpg,tinea_border
t-tinea-border-5.jpg,tinea_border
t-tinea-border-6.jpg,tinea_border
t-tinea-face-11.jpg,tinea_face
t-tinea-face-12.jpg,tinea_face
t-tinea-face-13.jpg,tinea_face
t-tinea-face-14.jpg,tinea_face
t-tinea-face-15.jpg,tinea_face
t-tinea-face-16.jpg,tinea_face
t-tinea-face-17.jpg,tinea_face
t-tinea-face-18.jpg,tinea_face
t-tinea-face-19.jpg,tinea_face
t-tinea-face-20.jpg,tinea_face
t-tinea-face-21.jpg,tinea_face
t-tinea-face-22.jpg,tinea_face
t-tinea-face-23.jpg,tinea_face
t-tinea-face-24.jpg,tinea_face
t-tinea-face-25.jpg,tinea_face
t-tinea-face-27.jpg,tinea_face
t-tinea-face-28.jpg,tinea_face
t-tinea-face-29.jpg,tinea_face
t-tinea-face-3.jpg,tinea_face
t-tinea-face-30.jpg,tinea_face
t-tinea-face-32.jpg,tinea_face
t-tinea-face-34.jpg,tinea_face
t-tinea-face-36.jpg,tinea_face
t-tinea-face-38.jpg,tinea_face
t-tinea-face-39.jpg,tinea_face
t-tinea-face-40.jpg,tinea_face
t-tinea-face-41.jpg,tinea_face
t-tinea-face-42.jpg,tinea_face
t-tinea-face-43.jpg,tinea_face
t-tinea-face-44.jpg,tinea_face
t-tinea-face-45.jpg,tinea_face
t-tinea-face-49.jpg,tinea_face
t-tinea-face-50.jpg,tinea_face
t-tinea-face-51.jpg,tinea_face
t-tinea-face-56.jpg,tinea_face
t-tinea-face-58.jpg,tinea_face
t-tinea-face-59.jpg,tinea_face
t-tinea-face-6.jpg,tinea_face
t-tinea-face-60.jpg,tinea_face
t-tinea-face-61.jpg,tinea_face
t-tinea-face-62.jpg,tinea_face
t-tinea-face-63.jpg,tinea_face
t-tinea-face-66.jpg,tinea_face
t-tinea-face-67.jpg,tinea_face
t-tinea-face-68.jpg,tinea_face
t-tinea-face-69.jpg,tinea_face
t-tinea-face-8.jpg,tinea_face
t-tinea-face-9.jpg,tinea_face
t-tinea-foot-dorsum-1.jpg,tinea_foot
t-tinea-foot-dorsum-11.jpg,tinea_foot
t-tinea-foot-dorsum-12.jpg,tinea_foot
t-tinea-foot-dorsum-13.jpg,tinea_foot
t-tinea-foot-dorsum-14.jpg,tinea_foot
t-tinea-foot-dorsum-17.jpg,tinea_foot
t-tinea-foot-dorsum-18.jpg,tinea_foot
t-tinea-foot-dorsum-19.jpg,tinea_foot
t-tinea-foot-dorsum-2.jpg,tinea_foot
t-tinea-foot-dorsum-20.jpg,tinea_foot
t-tinea-foot-dorsum-21.jpg,tinea_foot
t-tinea-foot-dorsum-22.jpg,tinea_foot
t-tinea-foot-dorsum-23.jpg,tinea_foot
t-tinea-foot-dorsum-24.jpg,tinea_foot
t-tinea-foot-dorsum-26.jpg,tinea_foot
t-tinea-foot-dorsum-27.jpg,tinea_foot
t-tinea-foot-dorsum-29.jpg,tinea_foot
t-tinea-foot-dorsum-3.jpg,tinea_foot
t-tinea-foot-dorsum-32.jpg,tinea_foot
t-tinea-foot-dorsum-33.jpg,tinea_foot
t-tinea-foot-dorsum-34.jpg,tinea_foot
t-tinea-foot-dorsum-35.jpg,tinea_foot
t-tinea-foot-dorsum-36.jpg,tinea_foot
t-tinea-foot-dorsum-37.jpg,tinea_foot
t-tinea-foot-dorsum-38.jpg,tinea_foot
t-tinea-foot-dorsum-39.jpg,tinea_foot
t-tinea-foot-dorsum-4.jpg,tinea_foot
t-tinea-foot-dorsum-40.jpg,tinea_foot
t-tinea-foot-dorsum-41.jpg,tinea_foot
t-tinea-foot-dorsum-43.jpg,tinea_foot
t-tinea-foot-dorsum-44.jpg,tinea_foot
t-tinea-foot-dorsum-48.jpg,tinea_foot
t-tinea-foot-dorsum-49.jpg,tinea_foot
t-tinea-foot-dorsum-5.jpg,tinea_foot
t-tinea-foot-dorsum-50.jpg,tinea_foot
t-tinea-foot-dorsum-51.jpg,tinea_foot
t-tinea-foot-dorsum-52.jpg,tinea_foot
t-tinea-foot-dorsum-53.jpg,tinea_foot
t-tinea-foot-dorsum-54.jpg,tinea_foot
t-tinea-foot-dorsum-55.jpg,tinea_foot
t-tinea-foot-dorsum-56.jpg,tinea_foot
t-tinea-foot-dorsum-58.jpg,tinea_foot
t-tinea-foot-dorsum-6.jpg,tinea_foot
t-tinea-foot-dorsum-61.jpg,tinea_foot
t-tinea-foot-dorsum-7.jpg,tinea_foot
t-tinea-foot-dorsum-9.jpg,tinea_foot
t-tinea-foot-plantar-1.jpg,tinea_foot
t-tinea-foot-plantar-10.jpg,tinea_foot
t-tinea-foot-plantar-11.jpg,tinea_foot
t-tinea-foot-plantar-12.jpg,tinea_foot
t-tinea-foot-plantar-13.jpg,tinea_foot
t-tinea-foot-plantar-14.jpg,tinea_foot
t-tinea-foot-plantar-15.jpg,tinea_foot
t-tinea-foot-plantar-16.jpg,tinea_foot
t-tinea-foot-plantar-18.jpg,tinea_foot
t-tinea-foot-plantar-19.jpg,tinea_foot
t-tinea-foot-plantar-2.jpg,tinea_foot
t-tinea-foot-plantar-21.jpg,tinea_foot
t-tinea-foot-plantar-23.jpg,tinea_foot
t-tinea-foot-plantar-24.jpg,tinea_foot
t-tinea-foot-plantar-25.jpg,tinea_foot
t-tinea-foot-plantar-26.jpg,tinea_foot
t-tinea-foot-plantar-27.jpg,tinea_foot
t-tinea-foot-plantar-29.jpg,tinea_foot
t-tinea-foot-plantar-3.jpg,tinea_foot
t-tinea-foot-plantar-31.jpg,tinea_foot
t-tinea-foot-plantar-32.jpg,tinea_foot
t-tinea-foot-plantar-33.jpg,tinea_foot
t-tinea-foot-plantar-34.jpg,tinea_foot
t-tinea-foot-plantar-35.jpg,tinea_foot
t-tinea-foot-plantar-37.jpg,tinea_foot
t-tinea-foot-plantar-4.jpg,tinea_foot
t-tinea-foot-plantar-40.jpg,tinea_foot
t-tinea-foot-plantar-42.jpg,tinea_foot
t-tinea-foot-plantar-43.jpg,tinea_foot
t-tinea-foot-plantar-44.jpg,tinea_foot
t-tinea-foot-plantar-45.jpg,tinea_foot
t-tinea-foot-plantar-46.jpg,tinea_foot
t-tinea-foot-plantar-47.jpg,tinea_foot
t-tinea-foot-plantar-5.jpg,tinea_foot
t-tinea-foot-plantar-50.jpg,tinea_foot
t-tinea-foot-plantar-51.jpg,tinea_foot
t-tinea-foot-plantar-52.jpg,tinea_foot
t-tinea-foot-plantar-53.jpg,tinea_foot
t-tinea-foot-plantar-54.jpg,tinea_foot
t-tinea-foot-plantar-55.jpg,tinea_foot
t-tinea-foot-plantar-57.jpg,tinea_foot
t-tinea-foot-plantar-6.jpg,tinea_foot
t-tinea-foot-plantar-8.jpg,tinea_foot
t-tinea-foot-plantar-9.jpg,tinea_foot
t-tinea-foot-webs-10.jpg,tinea_foot
t-tinea-foot-webs-11.jpg,tinea_foot
t-tinea-foot-webs-12.jpg,tinea_foot
t-tinea-foot-webs-14.jpg,tinea_foot
t-tinea-foot-webs-15.jpg,tinea_foot
t-tinea-foot-webs-16.jpg,tinea_foot
t-tinea-foot-webs-17.jpg,tinea_foot
t-tinea-foot-webs-18.jpg,tinea_foot
t-tinea-foot-webs-19.jpg,tinea_foot
t-tinea-foot-webs-2.jpg,tinea_foot
t-tinea-foot-webs-21.jpg,tinea_foot
t-tinea-foot-webs-22.jpg,tinea_foot
t-tinea-foot-webs-23.jpg,tinea_foot
t-tinea-foot-webs-24.jpg,tinea_foot
t-tinea-foot-webs-25.jpg,tinea_foot
t-tinea-foot-webs-26.jpg,tinea_foot
t-tinea-foot-webs-27.jpg,tinea_foot
t-tinea-foot-webs-28.jpg,tinea_foot
t-tinea-foot-webs-29.jpg,tinea_foot
t-tinea-foot-webs-3.jpg,tinea_foot
t-tinea-foot-webs-32.jpg,tinea_foot
t-tinea-foot-webs-33.jpg,tinea_foot
t-tinea-foot-webs-34.jpg,tinea_foot
t-tinea-foot-webs-35.jpg,tinea_foot
t-tinea-foot-webs-37.jpg,tinea_foot
t-tinea-foot-webs-38.jpg,tinea_foot
t-tinea-foot-webs-39.jpg,tinea_foot
t-tinea-foot-webs-4.jpg,tinea_foot
t-tinea-foot-webs-40.jpg,tinea_foot
t-tinea-foot-webs-41.jpg,tinea_foot
t-tinea-foot-webs-42.jpg,tinea_foot
t-tinea-foot-webs-43.jpg,tinea_foot
t-tinea-foot-webs-44.jpg,tinea_foot
t-tinea-foot-webs-46.jpg,tinea_foot
t-tinea-foot-webs-47.jpg,tinea_foot
t-tinea-foot-webs-50.jpg,tinea_foot
t-tinea-foot-webs-52.jpg,tinea_foot
t-tinea-foot-webs-53.jpg,tinea_foot
t-tinea-foot-webs-54.jpg,tinea_foot
t-tinea-foot-webs-56.jpg,tinea_foot
t-tinea-foot-webs-57.jpg,tinea_foot
t-tinea-foot-webs-58.jpg,tinea_foot
t-tinea-foot-webs-59.jpg,tinea_foot
t-tinea-foot-webs-6.jpg,tinea_foot
t-tinea-foot-webs-60.jpg,tinea_foot
t-tinea-foot-webs-61.jpg,tinea_foot
t-tinea-foot-webs-62.jpg,tinea_foot
t-tinea-foot-webs-63.jpg,tinea_foot
t-tinea-foot-webs-66.jpg,tinea_foot
t-tinea-foot-webs-67.jpg,tinea_foot
t-tinea-foot-webs-68.jpg,tinea_foot
t-tinea-foot-webs-69.jpg,tinea_foot
t-tinea-foot-webs-7.jpg,tinea_foot
t-tinea-foot-webs-70.jpg,tinea_foot
t-tinea-foot-webs-71.jpg,tinea_foot
t-tinea-foot-webs-73.jpg,tinea_foot
t-tinea-foot-webs-74.jpg,tinea_foot
t-tinea-foot-webs-76.jpg,tinea_foot
t-tinea-foot-webs-78.jpg,tinea_foot
t-tinea-foot-webs-79.jpg,tinea_foot
t-tinea-foot-webs-8.jpg,tinea_foot
t-tinea-foot-webs-81.jpg,tinea_foot
t-tinea-foot-webs-9.jpg,tinea_foot
t-tinea-groin-1.jpg,tinea_groin
t-tinea-groin-10.jpg,tinea_groin
t-tinea-groin-100.jpg,tinea_groin
t-tinea-groin-102.jpg,tinea_groin
t-tinea-groin-103.jpg,tinea_groin
t-tinea-groin-105.jpg,tinea_groin
t-tinea-groin-106.jpg,tinea_groin
t-tinea-groin-107.jpg,tinea_groin
t-tinea-groin-108.jpg,tinea_groin
t-tinea-groin-109.jpg,tinea_groin
t-tinea-groin-11.jpg,tinea_groin
t-tinea-groin-110.jpg,tinea_groin
t-tinea-groin-111.jpg,tinea_groin
t-tinea-groin-113.jpg,tinea_groin
t-tinea-groin-114.jpg,tinea_groin
t-tinea-groin-115.jpg,tinea_groin
t-tinea-groin-116.jpg,tinea_groin
t-tinea-groin-117.jpg,tinea_groin
t-tinea-groin-118.jpg,tinea_groin
t-tinea-groin-119.jpg,tinea_groin
t-tinea-groin-12.jpg,tinea_groin
t-tinea-groin-120.jpg,tinea_groin
t-tinea-groin-121.jpg,tinea_groin
t-tinea-groin-122.jpg,tinea_groin
t-tinea-groin-123.jpg,tinea_groin
t-tinea-groin-124.jpg,tinea_groin
t-tinea-groin-125.jpg,tinea_groin
t-tinea-groin-126.jpg,tinea_groin
t-tinea-groin-127.jpg,tinea_groin
t-tinea-groin-129.jpg,tinea_groin
t-tinea-groin-131.jpg,tinea_groin
t-tinea-groin-132.jpg,tinea_groin
t-tinea-groin-133.jpg,tinea_groin
t-tinea-groin-134.jpg,tinea_groin
t-tinea-groin-16.jpg,tinea_groin
t-tinea-groin-18.jpg,tinea_groin
t-tinea-groin-19.jpg,tinea_groin
t-tinea-groin-2.jpg,tinea_groin
t-tinea-groin-20.jpg,tinea_groin
t-tinea-groin-21.jpg,tinea_groin
t-tinea-groin-22.jpg,tinea_groin
t-tinea-groin-23.jpg,tinea_groin
t-tinea-groin-25.jpg,tinea_groin
t-tinea-groin-27.jpg,tinea_groin
t-tinea-groin-28.jpg,tinea_groin
t-tinea-groin-29.jpg,tinea_groin
t-tinea-groin-3.jpg,tinea_groin
t-tinea-groin-30.jpg,tinea_groin
t-tinea-groin-31.jpg,tinea_groin
t-tinea-groin-32.jpg,tinea_groin
t-tinea-groin-33.jpg,tinea_groin
t-tinea-groin-34.jpg,tinea_groin
t-tinea-groin-36.jpg,tinea_groin
t-tinea-groin-38.jpg,tinea_groin
t-tinea-groin-4.jpg,tinea_groin
t-tinea-groin-41.jpg,tinea_groin
t-tinea-groin-42.jpg,tinea_groin
t-tinea-groin-44.jpg,tinea_groin
t-tinea-groin-46.jpg,tinea_groin
t-tinea-groin-47.jpg,tinea_groin
t-tinea-groin-49.jpg,tinea_groin
t-tinea-groin-5.jpg,tinea_groin
t-tinea-groin-50.jpg,tinea_groin
t-tinea-groin-51.jpg,tinea_groin
t-tinea-groin-52.jpg,tinea_groin
t-tinea-groin-55.jpg,tinea_groin
t-tinea-groin-56.jpg,tinea_groin
t-tinea-groin-57.jpg,tinea_groin
t-tinea-groin-6.jpg,tinea_groin
t-tinea-groin-61.jpg,tinea_groin
t-tinea-groin-62.jpg,tinea_groin
t-tinea-groin-63.jpg,tinea_groin
t-tinea-groin-64.jpg,tinea_groin
t-tinea-groin-65.jpg,tinea_groin
t-tinea-groin-66.jpg,tinea_groin
t-tinea-groin-69.jpg,tinea_groin
t-tinea-groin-71.jpg,tinea_groin
t-tinea-groin-75.jpg,tinea_groin
t-tinea-groin-76.jpg,tinea_groin
t-tinea-groin-78.jpg,tinea_groin
t-tinea-groin-79.jpg,tinea_groin
t-tinea-groin-8.jpg,tinea_groin
t-tinea-groin-80.jpg,tinea_groin
t-tinea-groin-81.jpg,tinea_groin
t-tinea-groin-82.jpg,tinea_groin
t-tinea-groin-83.jpg,tinea_groin
t-tinea-groin-84.jpg,tinea_groin
t-tinea-groin-85.jpg,tinea_groin
t-tinea-groin-86.jpg,tinea_groin
t-tinea-groin-88.jpg,tinea_groin
t-tinea-groin-89.jpg,tinea_groin
t-tinea-groin-90.jpg,tinea_groin
t-tinea-groin-91.jpg,tinea_groin
t-tinea-groin-94.jpg,tinea_groin
t-tinea-groin-96.jpg,tinea_groin
t-tinea-groin-98.jpg,tinea_groin
t-tinea-groin-99.jpg,tinea_groin
t-tinea-hand-dorsum-1.jpg,tinea_hand
t-tinea-hand-dorsum-11.jpg,tinea_hand
t-tinea-hand-dorsum-12.jpg,tinea_hand
t-tinea-hand-dorsum-13.jpg,tinea_hand
t-tinea-hand-dorsum-14.jpg,tinea_hand
t-tinea-hand-dorsum-15.jpg,tinea_hand
t-tinea-hand-dorsum-16.jpg,tinea_hand
t-tinea-hand-dorsum-18.jpg,tinea_hand
t-tinea-hand-dorsum-19.jpg,tinea_hand
t-tinea-hand-dorsum-2.jpg,tinea_hand
t-tinea-hand-dorsum-20.jpg,tinea_hand
t-tinea-hand-dorsum-22.jpg,tinea_hand
t-tinea-hand-dorsum-23.jpg,tinea_hand
t-tinea-hand-dorsum-24.jpg,tinea_hand
t-tinea-hand-dorsum-26.jpg,tinea_hand
t-tinea-hand-dorsum-28.jpg,tinea_hand
t-tinea-hand-dorsum-3.jpg,tinea_hand
t-tinea-hand-dorsum-30.jpg,tinea_hand
t-tinea-hand-dorsum-31.jpg,tinea_hand
t-tinea-hand-dorsum-32.jpg,tinea_hand
t-tinea-hand-dorsum-35.jpg,tinea_hand
t-tinea-hand-dorsum-36.jpg,tinea_hand
t-tinea-hand-dorsum-37.jpg,tinea_hand
t-tinea-hand-dorsum-38.jpg,tinea_hand
t-tinea-hand-dorsum-39.jpg,tinea_hand
t-tinea-hand-dorsum-4.jpg,tinea_hand
t-tinea-hand-dorsum-40.jpg,tinea_hand
t-tinea-hand-dorsum-41.jpg,tinea_hand
t-tinea-hand-dorsum-42.jpg,tinea_hand
t-tinea-hand-dorsum-43.jpg,tinea_hand
t-tinea-hand-dorsum-44.jpg,tinea_hand
t-tinea-hand-dorsum-45.jpg,tinea_hand
t-tinea-hand-dorsum-46.jpg,tinea_hand
t-tinea-hand-dorsum-48.jpg,tinea_hand
t-tinea-hand-dorsum-49.jpg,tinea_hand
t-tinea-hand-dorsum-5.jpg,tinea_hand
t-tinea-hand-dorsum-50.jpg,tinea_hand
t-tinea-hand-dorsum-51.jpg,tinea_hand
t-tinea-hand-dorsum-52.jpg,tinea_hand
t-tinea-hand-dorsum-53.jpg,tinea_hand
t-tinea-hand-dorsum-54.jpg,tinea_hand
t-tinea-hand-dorsum-55.jpg,tinea_hand
t-tinea-hand-dorsum-56.jpg,tinea_hand
t-tinea-hand-dorsum-57.jpg,tinea_hand
t-tinea-hand-dorsum-59.jpg,tinea_hand
t-tinea-hand-dorsum-60.jpg,tinea_hand
t-tinea-hand-dorsum-61.jpg,tinea_hand
t-tinea-hand-dorsum-62.jpg,tinea_hand
t-tinea-hand-dorsum-63.jpg,tinea_hand
t-tinea-hand-dorsum-64.jpg,tinea_hand
t-tinea-hand-dorsum-65.jpg,tinea_hand
t-tinea-hand-dorsum-66.jpg,tinea_hand
t-tinea-hand-dorsum-67.jpg,tinea_hand
t-tinea-hand-dorsum-7.jpg,tinea_hand
t-tinea-hand-dorsum-8.jpg,tinea_hand
t-tinea-hand-dorsum-9.jpg,tinea_hand
t-tinea-incognito-1.jpg,tinea_incognito
t-tinea-incognito-10.jpg,tinea_incognito
t-tinea-incognito-12.jpg,tinea_incognito
t-tinea-incognito-13.jpg,tinea_incognito
t-tinea-incognito-14.jpg,tinea_incognito
t-tinea-incognito-15.jpg,tinea_incognito
t-tinea-incognito-16.jpg,tinea_incognito
t-tinea-incognito-18.jpg,tinea_incognito
t-tinea-incognito-19.jpg,tinea_incognito
t-tinea-incognito-20.jpg,tinea_incognito
t-tinea-incognito-21.jpg,tinea_incognito
t-tinea-incognito-23.jpg,tinea_incognito
t-tinea-incognito-24.jpg,tinea_incognito
t-tinea-incognito-25.jpg,tinea_incognito
t-tinea-incognito-26.jpg,tinea_incognito
t-tinea-incognito-28.jpg,tinea_incognito
t-tinea-incognito-29.jpg,tinea_incognito
t-tinea-incognito-3.jpg,tinea_incognito
t-tinea-incognito-30.jpg,tinea_incognito
t-tinea-incognito-31.jpg,tinea_incognito
t-tinea-incognito-33.jpg,tinea_incognito
t-tinea-incognito-34.jpg,tinea_incognito
t-tinea-incognito-35.jpg,tinea_incognito
t-tinea-incognito-36.jpg,tinea_incognito
t-tinea-incognito-37.jpg,tinea_incognito
t-tinea-incognito-39.jpg,tinea_incognito
t-tinea-incognito-40.jpg,tinea_incognito
t-tinea-incognito-42.jpg,tinea_incognito
t-tinea-incognito-43.jpg,tinea_incognito
t-tinea-incognito-44.jpg,tinea_incognito
t-tinea-incognito-45.jpg,tinea_incognito
t-tinea-incognito-46.jpg,tinea_incognito
t-tinea-incognito-48.jpg,tinea_incognito
t-tinea-incognito-50.jpg,tinea_incognito
t-tinea-incognito-51.jpg,tinea_incognito
t-tinea-incognito-53.jpg,tinea_incognito
t-tinea-incognito-55.jpg,tinea_incognito
t-tinea-incognito-56.jpg,tinea_incognito
t-tinea-incognito-57.jpg,tinea_incognito
t-tinea-incognito-58.jpg,tinea_incognito
t-tinea-incognito-6.jpg,tinea_incognito
t-tinea-incognito-60.jpg,tinea_incognito
t-tinea-incognito-61.jpg,tinea_incognito
t-tinea-incognito-62.jpg,tinea_incognito
t-tinea-incognito-63.jpg,tinea_incognito
t-tinea-incognito-64.jpg,tinea_incognito
t-tinea-incognito-7.jpg,tinea_incognito
t-tinea-incognito-9.jpg,tinea_incognito
t-tinea-laboratory-1.jpg,tinea_laboratory
t-tinea-laboratory-10.jpg,tinea_laboratory
t-tinea-laboratory-11.jpg,tinea_laboratory
t-tinea-laboratory-12.jpg,tinea_laboratory
t-tinea-laboratory-13.jpg,tinea_laboratory
t-tinea-laboratory-15.jpg,tinea_laboratory
t-tinea-laboratory-16.jpg,tinea_laboratory
t-tinea-laboratory-18.jpg,tinea_laboratory
t-tinea-laboratory-19.jpg,tinea_laboratory
t-tinea-laboratory-2.jpg,tinea_laboratory
t-tinea-laboratory-20.jpg,tinea_laboratory
t-tinea-laboratory-21.jpg,tinea_laboratory
t-tinea-laboratory-22.jpg,tinea_laboratory
t-tinea-laboratory-23.jpg,tinea_laboratory
t-tinea-laboratory-26.jpg,tinea_laboratory
t-tinea-laboratory-27.jpg,tinea_laboratory
t-tinea-laboratory-28.jpg,tinea_laboratory
t-tinea-laboratory-29.jpg,tinea_laboratory
t-tinea-laboratory-3.jpg,tinea_laboratory
t-tinea-laboratory-30.jpg,tinea_laboratory
t-tinea-laboratory-31.jpg,tinea_laboratory
t-tinea-laboratory-32.jpg,tinea_laboratory
t-tinea-laboratory-34.jpg,tinea_laboratory
t-tinea-laboratory-36.jpg,tinea_laboratory
t-tinea-laboratory-37.jpg,tinea_laboratory
t-tinea-laboratory-38.jpg,tinea_laboratory
t-tinea-laboratory-39.jpg,tinea_laboratory
t-tinea-laboratory-4.jpg,tinea_laboratory
t-tinea-laboratory-40.jpg,tinea_laboratory
t-tinea-laboratory-41.jpg,tinea_laboratory
t-tinea-laboratory-42.jpg,tinea_laboratory
t-tinea-laboratory-43.jpg,tinea_laboratory
t-tinea-laboratory-44.jpg,tinea_laboratory
t-tinea-laboratory-45.jpg,tinea_laboratory
t-tinea-laboratory-47.jpg,tinea_laboratory
t-tinea-laboratory-48.jpg,tinea_laboratory
t-tinea-laboratory-49.jpg,tinea_laboratory
t-tinea-laboratory-5.jpg,tinea_laboratory
t-tinea-laboratory-50.jpg,tinea_laboratory
t-tinea-laboratory-51.jpg,tinea_laboratory
t-tinea-laboratory-52.jpg,tinea_laboratory
t-tinea-laboratory-54.jpg,tinea_laboratory
t-tinea-laboratory-55.jpg,tinea_laboratory
t-tinea-laboratory-57.jpg,tinea_laboratory
t-tinea-laboratory-58.jpg,tinea_laboratory
t-tinea-laboratory-59.jpg,tinea_laboratory
t-tinea-laboratory-6.jpg,tinea_laboratory
t-tinea-laboratory-60.jpg,tinea_laboratory
t-tinea-laboratory-61.jpg,tinea_laboratory
t-tinea-laboratory-62.jpg,tinea_laboratory
t-tinea-laboratory-63.jpg,tinea_laboratory
t-tinea-laboratory-64.jpg,tinea_laboratory
t-tinea-laboratory-65.jpg,tinea_laboratory
t-tinea-laboratory-66.jpg,tinea_laboratory
t-tinea-laboratory-67.jpg,tinea_laboratory
t-tinea-laboratory-68.jpg,tinea_laboratory
t-tinea-laboratory-69.jpg,tinea_laboratory
t-tinea-laboratory-7.jpg,tinea_laboratory
t-tinea-laboratory-70.jpg,tinea_laboratory
t-tinea-laboratory-71.jpg,tinea_laboratory
t-tinea-laboratory-72.jpg,tinea_laboratory
t-tinea-laboratory-73.jpg,tinea_laboratory
t-tinea-laboratory-74.jpg,tinea_laboratory
t-tinea-laboratory-75.jpg,tinea_laboratory
t-tinea-laboratory-76.jpg,tinea_laboratory
t-tinea-laboratory-8.jpg,tinea_laboratory
t-tinea-laboratory-9.jpg,tinea_laboratory
t-tinea-nigra-1.jpg,tinea_nigra
t-tinea-nigra-2.jpg,tinea_nigra
t-tinea-nigra-3.jpg,tinea_nigra
t-tinea-nigra-4.jpg,tinea_nigra
t-tinea-palm-1.jpg,tinea_palm
t-tinea-palm-11.jpg,tinea_palm
t-tinea-palm-12.jpg,tinea_palm
t-tinea-palm-13.jpg,tinea_palm
t-tinea-palm-14.jpg,tinea_palm
t-tinea-palm-15.jpg,tinea_palm
t-tinea-palm-16.jpg,tinea_palm
t-tinea-palm-17.jpg,tinea_palm
t-tinea-palm-18.jpg,tinea_palm
t-tinea-palm-19.jpg,tinea_palm
t-tinea-palm-20.jpg,tinea_palm
t-tinea-palm-21.jpg,tinea_palm
t-tinea-palm-22.jpg,tinea_palm
t-tinea-palm-23.jpg,tinea_palm
t-tinea-palm-24.jpg,tinea_palm
t-tinea-palm-25.jpg,tinea_palm
t-tinea-palm-27.jpg,tinea_palm
t-tinea-palm-28.jpg,tinea_palm
t-tinea-palm-29.jpg,tinea_palm
t-tinea-palm-3.jpg,tinea_palm
t-tinea-palm-30.jpg,tinea_palm
t-tinea-palm-31.jpg,tinea_palm
t-tinea-palm-32.jpg,tinea_palm
t-tinea-palm-33.jpg,tinea_palm
t-tinea-palm-34.jpg,tinea_palm
t-tinea-palm-35.jpg,tinea_palm
t-tinea-palm-36.jpg,tinea_palm
t-tinea-palm-37.jpg,tinea_palm
t-tinea-palm-38.jpg,tinea_palm
t-tinea-palm-39.jpg,tinea_palm
t-tinea-palm-4.jpg,tinea_palm
t-tinea-palm-40.jpg,tinea_palm
t-tinea-palm-41.jpg,tinea_palm
t-tinea-palm-42.jpg,tinea_palm
t-tinea-palm-43.jpg,tinea_palm
t-tinea-palm-44.jpg,tinea_palm
t-tinea-palm-45.jpg,tinea_palm
t-tinea-palm-48.jpg,tinea_palm
t-tinea-palm-49.jpg,tinea_palm
t-tinea-palm-5.jpg,tinea_palm
t-tinea-palm-50.jpg,tinea_palm
t-tinea-palm-6.jpg,tinea_palm
t-tinea-palm-8.jpg,tinea_palm
t-tinea-palm-9.jpg,tinea_palm
t-tinea-primary-lesion-1.jpg,tinea_primary
t-tinea-primary-lesion-10.jpg,tinea_primary
t-tinea-primary-lesion-11.jpg,tinea_primary
t-tinea-primary-lesion-12.jpg,tinea_primary
t-tinea-primary-lesion-13.jpg,tinea_primary
t-tinea-primary-lesion-14.jpg,tinea_primary
t-tinea-primary-lesion-16.jpg,tinea_primary
t-tinea-primary-lesion-17.jpg,tinea_primary
t-tinea-primary-lesion-18.jpg,tinea_primary
t-tinea-primary-lesion-19.jpg,tinea_primary
t-tinea-primary-lesion-2.jpg,tinea_primary
t-tinea-primary-lesion-22.jpg,tinea_primary
t-tinea-primary-lesion-23.jpg,tinea_primary
t-tinea-primary-lesion-24.jpg,tinea_primary
t-tinea-primary-lesion-25.jpg,tinea_primary
t-tinea-primary-lesion-26.jpg,tinea_primary
t-tinea-primary-lesion-27.jpg,tinea_primary
t-tinea-primary-lesion-28.jpg,tinea_primary
t-tinea-primary-lesion-29.jpg,tinea_primary
t-tinea-primary-lesion-3.jpg,tinea_primary
t-tinea-primary-lesion-30.jpg,tinea_primary
t-tinea-primary-lesion-31.jpg,tinea_primary
t-tinea-primary-lesion-32.jpg,tinea_primary
t-tinea-primary-lesion-33.jpg,tinea_primary
t-tinea-primary-lesion-34.jpg,tinea_primary
t-tinea-primary-lesion-35.jpg,tinea_primary
t-tinea-primary-lesion-36.jpg,tinea_primary
t-tinea-primary-lesion-37.jpg,tinea_primary
t-tinea-primary-lesion-38.jpg,tinea_primary
t-tinea-primary-lesion-39.jpg,tinea_primary
t-tinea-primary-lesion-4.jpg,tinea_primary
t-tinea-primary-lesion-41.jpg,tinea_primary
t-tinea-primary-lesion-42.jpg,tinea_primary
t-tinea-primary-lesion-43.jpg,tinea_primary
t-tinea-primary-lesion-45.jpg,tinea_primary
t-tinea-primary-lesion-46.jpg,tinea_primary
t-tinea-primary-lesion-48.jpg,tinea_primary
t-tinea-primary-lesion-49.jpg,tinea_primary
t-tinea-primary-lesion-50.jpg,tinea_primary
t-tinea-primary-lesion-51.jpg,tinea_primary
t-tinea-primary-lesion-52.jpg,tinea_primary
t-tinea-primary-lesion-53.jpg,tinea_primary
t-tinea-primary-lesion-54.jpg,tinea_primary
t-tinea-primary-lesion-57.jpg,tinea_primary
t-tinea-primary-lesion-58.jpg,tinea_primary
t-tinea-primary-lesion-59.jpg,tinea_primary
t-tinea-primary-lesion-6.jpg,tinea_primary
t-tinea-primary-lesion-60.jpg,tinea_primary
t-tinea-primary-lesion-61.jpg,tinea_primary
t-tinea-primary-lesion-62.jpg,tinea_primary
t-tinea-primary-lesion-63.jpg,tinea_primary
t-tinea-primary-lesion-64.jpg,tinea_primary
t-tinea-primary-lesion-7.jpg,tinea_primary
t-tinea-primary-lesion-8.jpg,tinea_primary
t-tinea-primary-lesion-9.jpg,tinea_primary
t-tinea-scalp-1.jpg,tinea_scalp
t-tinea-scalp-10.jpg,tinea_scalp
t-tinea-scalp-11.jpg,tinea_scalp
t-tinea-scalp-12.jpg,tinea_scalp
t-tinea-scalp-15.jpg,tinea_scalp
t-tinea-scalp-16.jpg,tinea_scalp
t-tinea-scalp-17.jpg,tinea_scalp
t-tinea-scalp-18.jpg,tinea_scalp
t-tinea-scalp-19.jpg,tinea_scalp
t-tinea-scalp-2.jpg,tinea_scalp
t-tinea-scalp-20.jpg,tinea_scalp
t-tinea-scalp-21.jpg,tinea_scalp
t-tinea-scalp-23.jpg,tinea_scalp
t-tinea-scalp-26.jpg,tinea_scalp
t-tinea-scalp-29.jpg,tinea_scalp
t-tinea-scalp-3.jpg,tinea_scalp
t-tinea-scalp-30.jpg,tinea_scalp
t-tinea-scalp-32.jpg,tinea_scalp
t-tinea-scalp-33.jpg,tinea_scalp
t-tinea-scalp-34.jpg,tinea_scalp
t-tinea-scalp-35.jpg,tinea_scalp
t-tinea-scalp-37.jpg,tinea_scalp
t-tinea-scalp-38.jpg,tinea_scalp
t-tinea-scalp-39.jpg,tinea_scalp
t-tinea-scalp-4.jpg,tinea_scalp
t-tinea-scalp-40.jpg,tinea_scalp
t-tinea-scalp-42.jpg,tinea_scalp
t-tinea-scalp-43.jpg,tinea_scalp
t-tinea-scalp-44.jpg,tinea_scalp
t-tinea-scalp-45.jpg,tinea_scalp
t-tinea-scalp-48.jpg,tinea_scalp
t-tinea-scalp-50.jpg,tinea_scalp
t-tinea-scalp-51.jpg,tinea_scalp
t-tinea-scalp-52.jpg,tinea_scalp
t-tinea-scalp-53.jpg,tinea_scalp
t-tinea-scalp-54.jpg,tinea_scalp
t-tinea-scalp-56.jpg,tinea_scalp
t-tinea-scalp-57.jpg,tinea_scalp
t-tinea-scalp-6.jpg,tinea_scalp
t-tinea-scalp-60.jpg,tinea_scalp
t-tinea-scalp-61.jpg,tinea_scalp
t-tinea-scalp-62.jpg,tinea_scalp
t-tinea-scalp-63.jpg,tinea_scalp
t-tinea-scalp-64.jpg,tinea_scalp
t-tinea-scalp-65.jpg,tinea_scalp
t-tinea-scalp-67.jpg,tinea_scalp
t-tinea-scalp-68.jpg,tinea_scalp
t-tinea-scalp-69.jpg,tinea_scalp
t-tinea-scalp-7.jpg,tinea_scalp
t-tinea-scalp-70.jpg,tinea_scalp
t-tinea-scalp-71.jpg,tinea_scalp
t-tinea-scalp-72.jpg,tinea_scalp
t-tinea-scalp-9.jpg,tinea_scalp
t-tinea-versicolor-10.jpg,tinea_versicolor
t-tinea-versicolor-100.jpg,tinea_versicolor
t-tinea-versicolor-101.jpg,tinea_versicolor
t-tinea-versicolor-102.jpg,tinea_versicolor
t-tinea-versicolor-103.jpg,tinea_versicolor
t-tinea-versicolor-104.jpg,tinea_versicolor
t-tinea-versicolor-105.jpg,tinea_versicolor
t-tinea-versicolor-107.jpg,tinea_versicolor
t-tinea-versicolor-108.jpg,tinea_versicolor
t-tinea-versicolor-109.jpg,tinea_versicolor
t-tinea-versicolor-110.jpg,tinea_versicolor
t-tinea-versicolor-111.jpg,tinea_versicolor
t-tinea-versicolor-112.jpg,tinea_versicolor
t-tinea-versicolor-113.jpg,tinea_versicolor
t-tinea-versicolor-115.jpg,tinea_versicolor
t-tinea-versicolor-116.jpg,tinea_versicolor
t-tinea-versicolor-117.jpg,tinea_versicolor
t-tinea-versicolor-119.jpg,tinea_versicolor
t-tinea-versicolor-12.jpg,tinea_versicolor
t-tinea-versicolor-120.jpg,tinea_versicolor
t-tinea-versicolor-121.jpg,tinea_versicolor
t-tinea-versicolor-122.jpg,tinea_versicolor
t-tinea-versicolor-123.jpg,tinea_versicolor
t-tinea-versicolor-125.jpg,tinea_versicolor
t-tinea-versicolor-126.jpg,tinea_versicolor
t-tinea-versicolor-127.jpg,tinea_versicolor
t-tinea-versicolor-128.jpg,tinea_versicolor
t-tinea-versicolor-129.jpg,tinea_versicolor
t-tinea-versicolor-13.jpg,tinea_versicolor
t-tinea-versicolor-130.jpg,tinea_versicolor
t-tinea-versicolor-131.jpg,tinea_versicolor
t-tinea-versicolor-132.jpg,tinea_versicolor
t-tinea-versicolor-133.jpg,tinea_versicolor
t-tinea-versicolor-134.jpg,tinea_versicolor
t-tinea-versicolor-135.jpg,tinea_versicolor
t-tinea-versicolor-136.jpg,tinea_versicolor
t-tinea-versicolor-138.jpg,tinea_versicolor
t-tinea-versicolor-139.jpg,tinea_versicolor
t-tinea-versicolor-14.jpg,tinea_versicolor
t-tinea-versicolor-140.jpg,tinea_versicolor
t-tinea-versicolor-141.jpg,tinea_versicolor
t-tinea-versicolor-142.jpg,tinea_versicolor
t-tinea-versicolor-143.jpg,tinea_versicolor
t-tinea-versicolor-144.jpg,tinea_versicolor
t-tinea-versicolor-145.jpg,tinea_versicolor
t-tinea-versicolor-146.jpg,tinea_versicolor
t-tinea-versicolor-147.jpg,tinea_versicolor
t-tinea-versicolor-148.jpg,tinea_versicolor
t-tinea-versicolor-15.jpg,tinea_versicolor
t-tinea-versicolor-150.jpg,tinea_versicolor
t-tinea-versicolor-151.jpg,tinea_versicolor
t-tinea-versicolor-152.jpg,tinea_versicolor
t-tinea-versicolor-153.jpg,tinea_versicolor
t-tinea-versicolor-154.jpg,tinea_versicolor
t-tinea-versicolor-155.jpg,tinea_versicolor
t-tinea-versicolor-156.jpg,tinea_versicolor
t-tinea-versicolor-157.jpg,tinea_versicolor
t-tinea-versicolor-158.jpg,tinea_versicolor
t-tinea-versicolor-16.jpg,tinea_versicolor
t-tinea-versicolor-160.jpg,tinea_versicolor
t-tinea-versicolor-161.jpg,tinea_versicolor
t-tinea-versicolor-162.jpg,tinea_versicolor
t-tinea-versicolor-163.jpg,tinea_versicolor
t-tinea-versicolor-165.jpg,tinea_versicolor
t-tinea-versicolor-167.jpg,tinea_versicolor
t-tinea-versicolor-17.jpg,tinea_versicolor
t-tinea-versicolor-170.jpg,tinea_versicolor
t-tinea-versicolor-171.jpg,tinea_versicolor
t-tinea-versicolor-173.jpg,tinea_versicolor
t-tinea-versicolor-174.jpg,tinea_versicolor
t-tinea-versicolor-175.jpg,tinea_versicolor
t-tinea-versicolor-177.jpg,tinea_versicolor
t-tinea-versicolor-179.jpg,tinea_versicolor
t-tinea-versicolor-18.jpg,tinea_versicolor
t-tinea-versicolor-181.jpg,tinea_versicolor
t-tinea-versicolor-182.jpg,tinea_versicolor
t-tinea-versicolor-183.jpg,tinea_versicolor
t-tinea-versicolor-184.jpg,tinea_versicolor
t-tinea-versicolor-185.jpg,tinea_versicolor
t-tinea-versicolor-187.jpg,tinea_versicolor
t-tinea-versicolor-189.jpg,tinea_versicolor
t-tinea-versicolor-19.jpg,tinea_versicolor
t-tinea-versicolor-190.jpg,tinea_versicolor
t-tinea-versicolor-192.jpg,tinea_versicolor
t-tinea-versicolor-193.jpg,tinea_versicolor
t-tinea-versicolor-194.jpg,tinea_versicolor
t-tinea-versicolor-196.jpg,tinea_versicolor
t-tinea-versicolor-79.jpg,tinea_versicolor
t-tinea-versicolor-80.jpg,tinea_versicolor
t-tinea-versicolor-83.jpg,tinea_versicolor
t-tinea-versicolor-84.jpg,tinea_versicolor
t-tinea-versicolor-85.jpg,tinea_versicolor
t-tinea-versicolor-88.jpg,tinea_versicolor
t-tinea-versicolor-9.jpg,tinea_versicolor
t-tinea-versicolor-91.jpg,tinea_versicolor
t-tinea-versicolor-92.jpg,tinea_versicolor
t-tinea-versicolor-95.jpg,tinea_versicolor
t-tinea-versicolor-96.jpg,tinea_versicolor
t-tinea-versicolor-99.jpg,tinea_versicolor
t-trichoepithelioma-1.jpg,trichoepithelioma
t-trichoepithelioma-2.jpg,trichoepithelioma
t-trichofolliculoma-1.jpg,trichofolliculoma
t-trichofolliculoma-3.jpg,trichofolliculoma
t-trichofolliculoma-4.jpg,trichofolliculoma
t-tt-tonsurans-adult-1.jpg,tt_tonsurans
t-tt-tonsurans-adult-2.jpg,tt_tonsurans
t-xanthogranuloma-1.jpg,xanthogranuloma
v-03cheilitis05010422.jpg,cheilitis
v-13Candida040702.jpg,candida
v-13Candida040704.jpg,candida
v-13CandidaAxillae0712041.jpg,candida_axillae
v-13candidaIntertrigo0220061.jpg,candida_intertrigo
v-13candidaTongue082205.jpg,candida_tongue
v-13intertrigo1219051.jpg,intertrigo
v-13TineaIncognito2.jpg,tinea_incognito
v-20EpidermCystRuptured1.jpg,epiderm_cyst
v-20Keratoacanthoma072101.jpg,keratoacanthoma
v-20Keratoacanthoma072102.jpg,keratoacanthoma
v-20seborrheicKeratosisCrop.jpg,seborrheic_keratosis
v-accessory-nipple-2.jpg,accessory_nipple
v-accessory-nipple-7.jpg,accessory_nipple
v-accessory-trachus-6.jpg,accessory_trachus
v-acquired-digital-fibrokeratoma-1.jpg,acquired_digital
v-acquired-digital-fibrokeratoma-3.jpg,acquired_digital
v-acquired-digital-fibrokeratoma-4.jpg,acquired_digital
v-actinomycosis-1.jpg,actinomycosis
v-actinomycosis-3.jpg,actinomycosis
v-candida-groin-1.jpg,candida_groin
v-candida-groin-2.jpg,candida_groin
v-candida-groin-4.jpg,candida_groin
v-candida-penis-1.jpg,candida_penis
v-candida-penis-16.jpg,candida_penis
v-candida-penis-20.jpg,candida_penis
v-candida-penis-27.jpg,candida_penis
v-candida-penis-33.jpg,candida_penis
v-candida-penis-52.jpg,candida_penis
v-candida-penis-53.jpg,candida_penis
v-candida-penis-8.jpg,candida_penis
v-candidiasis-diaper-10.jpg,candidiasis_diaper
v-candidiasis-diaper-11.jpg,candidiasis_diaper
v-candidiasis-diaper-15.jpg,candidiasis_diaper
v-candidiasis-diaper-22.jpg,candidiasis_diaper
v-candidiasis-diaper-24.jpg,candidiasis_diaper
v-candidiasis-diaper-7.jpg,candidiasis_diaper
v-candidiasis-large-skin-folds-100.jpg,candidiasis_large
v-candidiasis-large-skin-folds-101.jpg,candidiasis_large
v-candidiasis-large-skin-folds-102.jpg,candidiasis_large
v-candidiasis-large-skin-folds-106.jpg,candidiasis_large
v-candidiasis-large-skin-folds-107.jpg,candidiasis_large
v-candidiasis-large-skin-folds-110.jpg,candidiasis_large
v-candidiasis-large-skin-folds-115.jpg,candidiasis_large
v-candidiasis-large-skin-folds-121.jpg,candidiasis_large
v-candidiasis-large-skin-folds-123.jpg,candidiasis_large
v-candidiasis-large-skin-folds-126.jpg,candidiasis_large
v-candidiasis-large-skin-folds-133.jpg,candidiasis_large
v-candidiasis-large-skin-folds-147.jpg,candidiasis_large
v-candidiasis-large-skin-folds-152.jpg,candidiasis_large
v-candidiasis-large-skin-folds-16.jpg,candidiasis_large
v-candidiasis-large-skin-folds-160.jpg,candidiasis_large
v-candidiasis-large-skin-folds-172.jpg,candidiasis_large
v-candidiasis-large-skin-folds-96.jpg,candidiasis_large
v-candidiasis-mouth-11.jpg,candidiasis_mouth
v-candidiasis-mouth-5.jpg,candidiasis_mouth
v-candidiasis-Penis-78.jpg,candidiasis_penis
v-candidiasis-vaginal-2.jpg,candidiasis_vaginal
v-candidiasis-vaginal-7.jpg,candidiasis_vaginal
v-chondrodermatitis-nodularis-20.jpg,chondrodermatitis_nodularis
v-chondrodermatitis-nodularis-27.jpg,chondrodermatitis_nodularis
v-chondrodermatitis-nodularis-28.jpg,chondrodermatitis_nodularis
v-chondrodermatitis-nodularis-29.jpg,chondrodermatitis_nodularis
v-chondrodermatitis-nodularis-31.jpg,chondrodermatitis_nodularis
v-chondrodermatitis-nodularis-38.jpg,chondrodermatitis_nodularis
v-chondrodermatitis-nodularis-41.jpg,chondrodermatitis_nodularis
v-chondrodermatitis-nodularis-42.jpg,chondrodermatitis_nodularis
v-chondrodermatitis-nodularis-48.jpg,chondrodermatitis_nodularis
v-chondrodermatitis-nodularis-53.jpg,chondrodermatitis_nodularis
v-chondrodermatitis-nodularis-6.jpg,chondrodermatitis_nodularis
v-chondrodermatitis-nodularis-65.jpg,chondrodermatitis_nodularis
v-chondrodermatitis-nodularis-66.jpg,chondrodermatitis_nodularis
v-chondrodermatitis-nodularis-71.jpg,chondrodermatitis_nodularis
v-coccidiomycosis-4.jpg,coccidiomycosis
v-collagenoma-1.jpg,collagenoma
v-confluent-reticulate-papillomatosis-2.jpg,confluent_reticulate
v-confluent-reticulate-papillomatosis-4.jpg,confluent_reticulate
v-confluent-reticulate-papillomatosis-5.jpg,confluent_reticulate
v-cylindroma-10.jpg,cylindroma
v-cylindroma-2.jpg,cylindroma
v-cylindroma-4.jpg,cylindroma
v-dermatofibroma-1.jpg,dermatofibroma
v-dermatofibroma-105.jpg,dermatofibroma
v-dermatofibroma-106.jpg,dermatofibroma
v-dermatofibroma-108.jpg,dermatofibroma
v-dermatofibroma-109.jpg,dermatofibroma
v-dermatofibroma-112.jpg,dermatofibroma
v-dermatofibroma-117.jpg,dermatofibroma
v-dermatofibroma-122.jpg,dermatofibroma
v-dermatofibroma-123.jpg,dermatofibroma
v-dermatofibroma-133.jpg,dermatofibroma
v-dermatofibroma-135.jpg,dermatofibroma
v-dermatofibroma-16.jpg,dermatofibroma
v-dermatofibroma-17.jpg,dermatofibroma
v-dermatofibroma-18.jpg,dermatofibroma
v-dermatofibroma-19.jpg,dermatofibroma
v-dermatofibroma-27.jpg,dermatofibroma
v-dermatofibroma-39.jpg,dermatofibroma
v-dermatofibroma-4.jpg,dermatofibroma
v-dermatofibroma-45.jpg,dermatofibroma
v-dermatofibroma-47.jpg,dermatofibroma
v-dermatofibroma-48.jpg,dermatofibroma
v-dermatofibroma-50.jpg,dermatofibroma
v-dermatofibroma-52.jpg,dermatofibroma
v-dermatofibroma-58.jpg,dermatofibroma
v-dermatofibroma-67.jpg,dermatofibroma
v-dermatofibroma-74.jpg,dermatofibroma
v-dermatofibroma-77.jpg,dermatofibroma
v-dermatofibroma-82.jpg,dermatofibroma
v-dermatofibroma-86.jpg,dermatofibroma
v-dermatofibroma-87.jpg,dermatofibroma
v-dermatofibroma-9.jpg,dermatofibroma
v-dermatofibroma-93.jpg,dermatofibroma
v-dermatofibroma-96.jpg,dermatofibroma
v-dermatofibroma-99.jpg,dermatofibroma
v-dermatosis-papulosa-nigra-4.jpg,dermatosis_papulosa
v-epidermal-cyst-106.jpg,epidermal_cyst
v-epidermal-cyst-108.jpg,epidermal_cyst
v-epidermal-cyst-109.jpg,epidermal_cyst
v-epidermal-cyst-12.jpg,epidermal_cyst
v-epidermal-cyst-123.jpg,epidermal_cyst
v-epidermal-cyst-126.jpg,epidermal_cyst
v-epidermal-cyst-131.jpg,epidermal_cyst
v-epidermal-cyst-134.jpg,epidermal_cyst
v-epidermal-cyst-136.jpg,epidermal_cyst
v-epidermal-cyst-14.jpg,epidermal_cyst
v-epidermal-cyst-142.jpg,epidermal_cyst
v-epidermal-cyst-156.jpg,epidermal_cyst
v-epidermal-cyst-173.jpg,epidermal_cyst
v-epidermal-cyst-175.jpg,epidermal_cyst
v-epidermal-cyst-176.jpg,epidermal_cyst
v-epidermal-cyst-177.jpg,epidermal_cyst
v-epidermal-cyst-180.jpg,epidermal_cyst
v-epidermal-cyst-188.jpg,epidermal_cyst
v-epidermal-nevus-11.jpg,epidermal_nevus
v-epidermal-nevus-12.jpg,epidermal_nevus
v-epidermal-nevus-13.jpg,epidermal_nevus
v-epidermal-nevus-14.jpg,epidermal_nevus
v-epidermal-nevus-16.jpg,epidermal_nevus
v-epidermal-nevus-29.jpg,epidermal_nevus
v-epidermal-nevus-3.jpg,epidermal_nevus
v-epidermal-nevus-41.jpg,epidermal_nevus
v-epidermal-nevus-5.jpg,epidermal_nevus
v-epidermal-nevus-57.jpg,epidermal_nevus
v-epidermal-nevus-58.jpg,epidermal_nevus
v-epidermal-nevus-69.jpg,epidermal_nevus
v-epidermal-nevus-74.jpg,epidermal_nevus
v-erosio-interdigitalis-blastomycetica-11.jpg,erosio_interdigitalis
v-erosio-interdigitalis-blastomycetica-13.jpg,erosio_interdigitalis
v-erosio-interdigitalis-blastomycetica-19.jpg,erosio_interdigitalis
v-erosio-interdigitalis-blastomycetica-20.jpg,erosio_interdigitalis
v-erosio-interdigitalis-blastomycetica-22.jpg,erosio_interdigitalis
v-erosio-interdigitalis-blastomycetica-24.jpg,erosio_interdigitalis
v-erosio-interdigitalis-blastomycetica-29.jpg,erosio_interdigitalis
v-erosio-interdigitalis-blastomycetica-33.jpg,erosio_interdigitalis
v-erosio-interdigitalis-blastomycetica-34.jpg,erosio_interdigitalis
v-erosio-interdigitalis-blastomycetica-36.jpg,erosio_interdigitalis
v-erosio-interdigitalis-blastomycetica-8.jpg,erosio_interdigitalis
v-erythrasma-13.jpg,erythrasma
v-fibroma-1.jpg,fibroma
v-fibroma-3.jpg,fibroma
v-fibroma-4.jpg,fibroma
v-fibroma-7.jpg,fibroma
v-fibroma-8.jpg,fibroma
v-follicular-keratosis-1.jpg,follicular_keratosis
v-follicular-keratosis-2.jpg,follicular_keratosis
v-hydrocystoma-3.jpg,hydrocystoma
v-hydrocystoma-7.jpg,hydrocystoma
v-hydrocystoma-8.jpg,hydrocystoma
v-id-reaction-11.jpg,id_reaction
v-id-reaction-5.jpg,id_reaction
v-id-reaction-6.jpg,id_reaction
v-id-reaction-9.jpg,id_reaction
v-intertrigo-29.jpg,intertrigo
v-intertrigo-30.jpg,intertrigo
v-intertrigo-33.jpg,intertrigo
v-intertrigo-36.jpg,intertrigo
v-intertrigo-4.jpg,intertrigo
v-intertrigo-47.jpg,intertrigo
v-intertrigo-48.jpg,intertrigo
v-intertrigo-49.jpg,intertrigo
v-intertrigo-52.jpg,intertrigo
v-intertrigo-57.jpg,intertrigo
v-intertrigo-60.jpg,intertrigo
v-intertrigo-79.jpg,intertrigo
v-intertrigo-80.jpg,intertrigo
v-intertrigo-83.jpg,intertrigo
v-keloids-11.jpg,keloids
v-keloids-13.jpg,keloids
v-keloids-15.jpg,keloids
v-keloids-20.jpg,keloids
v-keloids-21.jpg,keloids
v-keloids-23.jpg,keloids
v-keloids-25.jpg,keloids
v-keloids-27.jpg,keloids
v-keloids-3.jpg,keloids
v-keloids-32.jpg,keloids
v-keloids-38.jpg,keloids
v-keloids-41.jpg,keloids
v-keloids-42.jpg,keloids
v-keloids-47.jpg,keloids
v-keloids-50.jpg,keloids
v-keloids-51.jpg,keloids
v-keloids-59.jpg,keloids
v-keloids-62.jpg,keloids
v-keloids-7.jpg,keloids
v-keloids-71.jpg,keloids
v-keloids-75.jpg,keloids
v-keratoacanthoma-1.jpg,keratoacanthoma
v-keratoacanthoma-10.jpg,keratoacanthoma
v-keratoacanthoma-11.jpg,keratoacanthoma
v-keratoacanthoma-117.jpg,keratoacanthoma
v-keratoacanthoma-118.jpg,keratoacanthoma
v-keratoacanthoma-131.jpg,keratoacanthoma
v-keratoacanthoma-132.jpg,keratoacanthoma
v-keratoacanthoma-135.jpg,keratoacanthoma
v-keratoacanthoma-136.jpg,keratoacanthoma
v-keratoacanthoma-137.jpg,keratoacanthoma
v-keratoacanthoma-139.jpg,keratoacanthoma
v-keratoacanthoma-14.jpg,keratoacanthoma
v-keratoacanthoma-143.jpg,keratoacanthoma
v-keratoacanthoma-145.jpg,keratoacanthoma
v-keratoacanthoma-151.jpg,keratoacanthoma
v-keratoacanthoma-157.jpg,keratoacanthoma
v-keratoacanthoma-159.jpg,keratoacanthoma
v-keratoacanthoma-164.jpg,keratoacanthoma
v-keratoacanthoma-167.jpg,keratoacanthoma
v-keratoacanthoma-173.jpg,keratoacanthoma
v-keratoacanthoma-181.jpg,keratoacanthoma
v-keratoacanthoma-194.jpg,keratoacanthoma
v-keratoacanthoma-8.jpg,keratoacanthoma
v-keratoacanthoma-82.jpg,keratoacanthoma
v-keratoacanthoma-83.jpg,keratoacanthoma
v-keratoacanthoma-84.jpg,keratoacanthoma
v-keratoacanthoma-9.jpg,keratoacanthoma
v-keratosis-punctata-1.jpg,keratosis_punctata
v-keratosis-punctata-2.jpg,keratosis_punctata
v-kerion-12.jpg,kerion
v-kerion-5.jpg,kerion
v-kerion-6.jpg,kerion
v-kerion-9.jpg,kerion
v-kyrle-disease-4.jpg,kyrle_disease
v-leiomyomata-4.jpg,leiomyomata
v-majocchi-granuloma-15.jpg,majocchi_granuloma
v-majocchi-granuloma-2.jpg,majocchi_granuloma
v-majocchi-granuloma-9.jpg,majocchi_granuloma
v-melanoma-mimic-10.jpg,melanoma_mimic
v-melanoma-mimic-15.jpg,melanoma_mimic
v-melanoma-mimic-2.jpg,melanoma_mimic
v-melanoma-mimic-20.jpg,melanoma_mimic
v-melanoma-mimic-23.jpg,melanoma_mimic
v-melanoma-mimic-8.jpg,melanoma_mimic
v-neurofibromas-11.jpg,neurofibromas
v-neurofibromas-18.jpg,neurofibromas
v-neurofibromas-5.jpg,neurofibromas
v-nevus-sebaceous-15.jpg,nevus_sebaceous
v-nevus-sebaceous-16.jpg,nevus_sebaceous
v-nevus-sebaceous-29.jpg,nevus_sebaceous
v-nevus-sebaceous-31.jpg,nevus_sebaceous
v-nevus-sebaceous-32.jpg,nevus_sebaceous
v-nevus-sebaceous-40.jpg,nevus_sebaceous
v-nevus-sebaceous-51.jpg,nevus_sebaceous
v-nevus-sebaceous-56.jpg,nevus_sebaceous
v-nevus-sebaceous-57.jpg,nevus_sebaceous
v-nevus-sebaceous-58.jpg,nevus_sebaceous
v-nevus-sebaceous-63.jpg,nevus_sebaceous
v-north-american-blastomycosis-1.jpg,north_american
v-north-american-blastomycosis-2.jpg,north_american
v-perleche-1.jpg,perleche
v-perleche-12.jpg,perleche
v-perleche-13.jpg,perleche
v-perleche-22.jpg,perleche
v-perleche-28.jpg,perleche
v-perleche-34.jpg,perleche
v-perleche-36.jpg,perleche
v-perleche-4.jpg,perleche
v-perleche-41.jpg,perleche
v-perleche-42.jpg,perleche
v-perleche-5.jpg,perleche
v-perleche-51.jpg,perleche
v-perleche-55.jpg,perleche
v-perleche-61.jpg,perleche
v-perleche-7.jpg,perleche
v-perleche-785.jpg,perleche
v-perleche-787.jpg,perleche
v-perleche-788.jpg,perleche
v-pilar-cyst-11.jpg,pilar_cyst
v-pilar-cyst-13.jpg,pilar_cyst
v-pilar-cyst-16.jpg,pilar_cyst
v-pilar-cyst-18.jpg,pilar_cyst
v-pilar-cyst-2.jpg,pilar_cyst
v-pilar-cyst-22.jpg,pilar_cyst
v-pilar-cyst-25.jpg,pilar_cyst
v-pilar-cyst-34.jpg,pilar_cyst
v-pilar-cyst-37.jpg,pilar_cyst
v-pilar-cyst-4.jpg,pilar_cyst
v-pilar-cyst-40.jpg,pilar_cyst
v-pilar-cyst-42.jpg,pilar_cyst
v-pilar-cyst-48.jpg,pilar_cyst
v-pinkus-tumor-3.jpg,pinkus_tumor
v-pitted-keratolysis-2.jpg,pitted_keratolysis
v-pitted-keratolysis-3.jpg,pitted_keratolysis
v-pitted-keratolysis-6.jpg,pitted_keratolysis
v-pityrosporum-folliculitis-1.jpg,pityrosporum_folliculitis
v-pityrosporum-folliculitis-3.jpg,pityrosporum_folliculitis
v-pityrosporum-folliculitis-4.jpg,pityrosporum_folliculitis
v-pityrosporum-folliculitis-6.jpg,pityrosporum_folliculitis
v-porokeratosis-19.jpg,porokeratosis
v-porokeratosis-21.jpg,porokeratosis
v-porokeratosis-22.jpg,porokeratosis
v-porokeratosis-23.jpg,porokeratosis
v-porokeratosis-31.jpg,porokeratosis
v-porokeratosis-5.jpg,porokeratosis
v-porokeratosis-51.jpg,porokeratosis
v-porokeratosis-66.jpg,porokeratosis
v-porokeratosis-67.jpg,porokeratosis
v-porokeratosis-95.jpg,porokeratosis
v-pseudo-cyst-auricle-1.jpg,pseudo_cyst
v-sebaceous-hyperplasia-1.jpg,sebaceous_hyperplasia
v-sebaceous-hyperplasia-10.jpg,sebaceous_hyperplasia
v-sebaceous-hyperplasia-101.jpg,sebaceous_hyperplasia
v-sebaceous-hyperplasia-102.jpg,sebaceous_hyperplasia
v-sebaceous-hyperplasia-103.jpg,sebaceous_hyperplasia
v-sebaceous-hyperplasia-12.jpg,sebaceous_hyperplasia
v-sebaceous-hyperplasia-13.jpg,sebaceous_hyperplasia
v-sebaceous-hyperplasia-132.jpg,sebaceous_hyperplasia
v-sebaceous-hyperplasia-14.jpg,sebaceous_hyperplasia
v-sebaceous-hyperplasia-19.jpg,sebaceous_hyperplasia
v-sebaceous-hyperplasia-2.jpg,sebaceous_hyperplasia
v-sebaceous-hyperplasia-21.jpg,sebaceous_hyperplasia
v-sebaceous-hyperplasia-30.jpg,sebaceous_hyperplasia
v-sebaceous-hyperplasia-34.jpg,sebaceous_hyperplasia
v-sebaceous-hyperplasia-36.jpg,sebaceous_hyperplasia
v-sebaceous-hyperplasia-4.jpg,sebaceous_hyperplasia
v-sebaceous-hyperplasia-43.jpg,sebaceous_hyperplasia
v-sebaceous-hyperplasia-51.jpg,sebaceous_hyperplasia
v-sebaceous-hyperplasia-53.jpg,sebaceous_hyperplasia
v-sebaceous-hyperplasia-59.jpg,sebaceous_hyperplasia
v-sebaceous-hyperplasia-64.jpg,sebaceous_hyperplasia
v-sebaceous-hyperplasia-75.jpg,sebaceous_hyperplasia
v-sebaceous-hyperplasia-87.jpg,sebaceous_hyperplasia
v-sebaceous-hyperplasia-9.jpg,sebaceous_hyperplasia
v-sebaceous-hyperplasia-90.jpg,sebaceous_hyperplasia
v-sebaceous-hyperplasia-96.jpg,sebaceous_hyperplasia
v-seborrheic-keratoses-ruff-100.jpg,seborrheic_keratoses
v-seborrheic-keratoses-ruff-101.jpg,seborrheic_keratoses
v-seborrheic-keratoses-ruff-107.jpg,seborrheic_keratoses
v-seborrheic-keratoses-ruff-111.jpg,seborrheic_keratoses
v-seborrheic-keratoses-ruff-114.jpg,seborrheic_keratoses
v-seborrheic-keratoses-ruff-116.jpg,seborrheic_keratoses
v-seborrheic-keratoses-ruff-123.jpg,seborrheic_keratoses
v-seborrheic-keratoses-ruff-125.jpg,seborrheic_keratoses
v-seborrheic-keratoses-ruff-126.jpg,seborrheic_keratoses
v-seborrheic-keratoses-ruff-130.jpg,seborrheic_keratoses
v-seborrheic-keratoses-ruff-139.jpg,seborrheic_keratoses
v-seborrheic-keratoses-ruff-146.jpg,seborrheic_keratoses
v-seborrheic-keratoses-ruff-148.jpg,seborrheic_keratoses
v-seborrheic-keratoses-ruff-149.jpg,seborrheic_keratoses
v-seborrheic-keratoses-ruff-170.jpg,seborrheic_keratoses
v-seborrheic-keratoses-ruff-174.jpg,seborrheic_keratoses
v-seborrheic-keratoses-ruff-182.jpg,seborrheic_keratoses
v-seborrheic-keratoses-ruff-184.jpg,seborrheic_keratoses
v-seborrheic-keratoses-ruff-193.jpg,seborrheic_keratoses
v-seborrheic-keratoses-ruff-195.jpg,seborrheic_keratoses
v-seborrheic-keratoses-ruff-196.jpg,seborrheic_keratoses
v-seborrheic-keratoses-ruff-80.jpg,seborrheic_keratoses
v-seborrheic-keratoses-ruff-82.jpg,seborrheic_keratoses
v-seborrheic-keratoses-ruff-91.jpg,seborrheic_keratoses
v-seborrheic-keratoses-ruff-92.jpg,seborrheic_keratoses
v-seborrheic-keratoses-smooth-107.jpg,seborrheic_keratoses
v-seborrheic-keratoses-smooth-110.jpg,seborrheic_keratoses
v-seborrheic-keratoses-smooth-112.jpg,seborrheic_keratoses
v-seborrheic-keratoses-smooth-113.jpg,seborrheic_keratoses
v-seborrheic-keratoses-smooth-114.jpg,seborrheic_keratoses
v-seborrheic-keratoses-smooth-116.jpg,seborrheic_keratoses
v-seborrheic-keratoses-smooth-121.jpg,seborrheic_keratoses
v-seborrheic-keratoses-smooth-127.jpg,seborrheic_keratoses
v-seborrheic-keratoses-smooth-16.jpg,seborrheic_keratoses
v-seborrheic-keratoses-smooth-20.jpg,seborrheic_keratoses
v-seborrheic-keratoses-smooth-26.jpg,seborrheic_keratoses
v-seborrheic-keratoses-smooth-31.jpg,seborrheic_keratoses
v-seborrheic-keratoses-smooth-32.jpg,seborrheic_keratoses
v-seborrheic-keratoses-smooth-35.jpg,seborrheic_keratoses
v-seborrheic-keratoses-smooth-36.jpg,seborrheic_keratoses
v-seborrheic-keratoses-smooth-42.jpg,seborrheic_keratoses
v-seborrheic-keratoses-smooth-44.jpg,seborrheic_keratoses
v-seborrheic-keratoses-smooth-47.jpg,seborrheic_keratoses
v-seborrheic-keratoses-smooth-57.jpg,seborrheic_keratoses
v-seborrheic-keratoses-smooth-6.jpg,seborrheic_keratoses
v-seborrheic-keratoses-smooth-62.jpg,seborrheic_keratoses
v-seborrheic-keratoses-smooth-66.jpg,seborrheic_keratoses
v-seborrheic-keratoses-smooth-68.jpg,seborrheic_keratoses
v-seborrheic-keratoses-smooth-76.jpg,seborrheic_keratoses
v-seborrheic-keratoses-smooth-78.jpg,seborrheic_keratoses
v-seborrheic-keratoses-smooth-94.jpg,seborrheic_keratoses
v-seborrheic-keratoses-smooth-99.jpg,seborrheic_keratoses
v-seborrheic-keratosis-irritated-101.jpg,seborrheic_keratosis
v-seborrheic-keratosis-irritated-105.jpg,seborrheic_keratosis
v-seborrheic-keratosis-irritated-107.jpg,seborrheic_keratosis
v-seborrheic-keratosis-irritated-109.jpg,seborrheic_keratosis
v-seborrheic-keratosis-irritated-110.jpg,seborrheic_keratosis
v-seborrheic-keratosis-irritated-113.jpg,seborrheic_keratosis
v-seborrheic-keratosis-irritated-114.jpg,seborrheic_keratosis
v-seborrheic-keratosis-irritated-124.jpg,seborrheic_keratosis
v-seborrheic-keratosis-irritated-126.jpg,seborrheic_keratosis
v-seborrheic-keratosis-irritated-130.jpg,seborrheic_keratosis
v-seborrheic-keratosis-irritated-135.jpg,seborrheic_keratosis
v-seborrheic-keratosis-irritated-137.jpg,seborrheic_keratosis
v-seborrheic-keratosis-irritated-145.jpg,seborrheic_keratosis
v-seborrheic-keratosis-irritated-152.jpg,seborrheic_keratosis
v-seborrheic-keratosis-irritated-162.jpg,seborrheic_keratosis
v-seborrheic-keratosis-irritated-168.jpg,seborrheic_keratosis
v-seborrheic-keratosis-irritated-184.jpg,seborrheic_keratosis
v-seborrheic-keratosis-irritated-22.jpg,seborrheic_keratosis
v-seborrheic-keratosis-irritated-23.jpg,seborrheic_keratosis
v-seborrheic-keratosis-irritated-28.jpg,seborrheic_keratosis
v-seborrheic-keratosis-irritated-32.jpg,seborrheic_keratosis
v-seborrheic-keratosis-irritated-80.jpg,seborrheic_keratosis
v-seborrheic-keratosis-irritated-81.jpg,seborrheic_keratosis
v-seborrheic-keratosis-irritated-86.jpg,seborrheic_keratosis
v-seborrheic-keratosis-irritated-89.jpg,seborrheic_keratosis
v-seborrheic-keratosis-irritated-91.jpg,seborrheic_keratosis
v-skin-tags-polyps-16.jpg,skin_tags
v-skin-tags-polyps-22.jpg,skin_tags
v-skin-tags-polyps-23.jpg,skin_tags
v-skin-tags-polyps-26.jpg,skin_tags
v-skin-tags-polyps-27.jpg,skin_tags
v-skin-tags-polyps-36.jpg,skin_tags
v-skin-tags-polyps-43.jpg,skin_tags
v-skin-tags-polyps-60.jpg,skin_tags
v-skin-tags-polyps-66.jpg,skin_tags
v-skin-tags-polyps-68.jpg,skin_tags
v-skin-tags-polyps-69.jpg,skin_tags
v-skin-tags-polyps-70.jpg,skin_tags
v-skin-tags-polyps-76.jpg,skin_tags
v-skin-tags-polyps-81.jpg,skin_tags
v-skin-tags-polyps-84.jpg,skin_tags
v-skin-tags-polyps-97.jpg,skin_tags
v-stucco-keratoses-11.jpg,stucco_keratoses
v-stucco-keratoses-13.jpg,stucco_keratoses
v-stucco-keratoses-16.jpg,stucco_keratoses
v-stucco-keratoses-18.jpg,stucco_keratoses
v-stucco-keratoses-20.jpg,stucco_keratoses
v-stucco-keratoses-21.jpg,stucco_keratoses
v-stucco-keratoses-25.jpg,stucco_keratoses
v-stucco-keratoses-37.jpg,stucco_keratoses
v-stucco-keratoses-4.jpg,stucco_keratoses
v-stucco-keratoses-49.jpg,stucco_keratoses
v-stucco-keratoses-53.jpg,stucco_keratoses
v-stucco-keratoses-59.jpg,stucco_keratoses
v-stucco-keratoses-8.jpg,stucco_keratoses
v-syringoma-14.jpg,syringoma
v-syringoma-26.jpg,syringoma
v-syringoma-34.jpg,syringoma
v-syringoma-36.jpg,syringoma
v-syringoma-42.jpg,syringoma
v-syringoma-51.jpg,syringoma
v-syringoma-7.jpg,syringoma
v-tinea-beard-2.jpg,tinea_beard
v-tinea-beard-3.jpg,tinea_beard
v-tinea-beard-6.jpg,tinea_beard
v-tinea-body-100.jpg,tinea_body
v-tinea-body-109.jpg,tinea_body
v-tinea-body-118.jpg,tinea_body
v-tinea-body-122.jpg,tinea_body
v-tinea-body-123.jpg,tinea_body
v-tinea-body-124.jpg,tinea_body
v-tinea-body-127.jpg,tinea_body
v-tinea-body-130.jpg,tinea_body
v-tinea-body-132.jpg,tinea_body
v-tinea-body-137.jpg,tinea_body
v-tinea-body-138.jpg,tinea_body
v-tinea-body-140.jpg,tinea_body
v-tinea-body-144.jpg,tinea_body
v-tinea-body-149.jpg,tinea_body
v-tinea-body-150.jpg,tinea_body
v-tinea-body-152.jpg,tinea_body
v-tinea-body-156.jpg,tinea_body
v-tinea-body-160.jpg,tinea_body
v-tinea-body-161.jpg,tinea_body
v-tinea-body-164.jpg,tinea_body
v-tinea-body-180.jpg,tinea_body
v-tinea-body-192.jpg,tinea_body
v-tinea-body-196.jpg,tinea_body
v-tinea-body-198.jpg,tinea_body
v-tinea-body-199.jpg,tinea_body
v-tinea-body-82.jpg,tinea_body
v-tinea-body-87.jpg,tinea_body
v-tinea-body-9.jpg,tinea_body
v-tinea-body-97.jpg,tinea_body
v-tinea-face-1.jpg,tinea_face
v-tinea-face-10.jpg,tinea_face
v-tinea-face-2.jpg,tinea_face
v-tinea-face-26.jpg,tinea_face
v-tinea-face-31.jpg,tinea_face
v-tinea-face-33.jpg,tinea_face
v-tinea-face-35.jpg,tinea_face
v-tinea-face-37.jpg,tinea_face
v-tinea-face-4.jpg,tinea_face
v-tinea-face-47.jpg,tinea_face
v-tinea-face-48.jpg,tinea_face
v-tinea-face-5.jpg,tinea_face
v-tinea-face-55.jpg,tinea_face
v-tinea-face-64.jpg,tinea_face
v-tinea-face-65.jpg,tinea_face
v-tinea-face-7.jpg,tinea_face
v-tinea-foot-dorsum-10.jpg,tinea_foot
v-tinea-foot-dorsum-25.jpg,tinea_foot
v-tinea-foot-dorsum-28.jpg,tinea_foot
v-tinea-foot-dorsum-30.jpg,tinea_foot
v-tinea-foot-dorsum-31.jpg,tinea_foot
v-tinea-foot-dorsum-42.jpg,tinea_foot
v-tinea-foot-dorsum-46.jpg,tinea_foot
v-tinea-foot-dorsum-47.jpg,tinea_foot
v-tinea-foot-dorsum-57.jpg,tinea_foot
v-tinea-foot-dorsum-59.jpg,tinea_foot
v-tinea-foot-dorsum-60.jpg,tinea_foot
v-tinea-foot-plantar-22.jpg,tinea_foot
v-tinea-foot-plantar-28.jpg,tinea_foot
v-tinea-foot-plantar-30.jpg,tinea_foot
v-tinea-foot-plantar-36.jpg,tinea_foot
v-tinea-foot-plantar-39.jpg,tinea_foot
v-tinea-foot-plantar-48.jpg,tinea_foot
v-tinea-foot-plantar-49.jpg,tinea_foot
v-tinea-foot-plantar-56.jpg,tinea_foot
v-tinea-foot-plantar-7.jpg,tinea_foot
v-tinea-foot-webs-1.jpg,tinea_foot
v-tinea-foot-webs-13.jpg,tinea_foot
v-tinea-foot-webs-20.jpg,tinea_foot
v-tinea-foot-webs-30.jpg,tinea_foot
v-tinea-foot-webs-36.jpg,tinea_foot
v-tinea-foot-webs-45.jpg,tinea_foot
v-tinea-foot-webs-48.jpg,tinea_foot
v-tinea-foot-webs-49.jpg,tinea_foot
v-tinea-foot-webs-5.jpg,tinea_foot
v-tinea-foot-webs-51.jpg,tinea_foot
v-tinea-foot-webs-55.jpg,tinea_foot
v-tinea-foot-webs-65.jpg,tinea_foot
v-tinea-foot-webs-72.jpg,tinea_foot
v-tinea-foot-webs-75.jpg,tinea_foot
v-tinea-foot-webs-77.jpg,tinea_foot
v-tinea-foot-webs-80.jpg,tinea_foot
v-tinea-foot-webs-82.jpg,tinea_foot
v-tinea-groin-101.jpg,tinea_groin
v-tinea-groin-104.jpg,tinea_groin
v-tinea-groin-112.jpg,tinea_groin
v-tinea-groin-128.jpg,tinea_groin
v-tinea-groin-13.jpg,tinea_groin
v-tinea-groin-130.jpg,tinea_groin
v-tinea-groin-14.jpg,tinea_groin
v-tinea-groin-15.jpg,tinea_groin
v-tinea-groin-17.jpg,tinea_groin
v-tinea-groin-24.jpg,tinea_groin
v-tinea-groin-26.jpg,tinea_groin
v-tinea-groin-35.jpg,tinea_groin
v-tinea-groin-37.jpg,tinea_groin
v-tinea-groin-39.jpg,tinea_groin
v-tinea-groin-40.jpg,tinea_groin
v-tinea-groin-43.jpg,tinea_groin
v-tinea-groin-45.jpg,tinea_groin
v-tinea-groin-48.jpg,tinea_groin
v-tinea-groin-53.jpg,tinea_groin
v-tinea-groin-54.jpg,tinea_groin
v-tinea-groin-60.jpg,tinea_groin
v-tinea-groin-67.jpg,tinea_groin
v-tinea-groin-68.jpg,tinea_groin
v-tinea-groin-7.jpg,tinea_groin
v-tinea-groin-70.jpg,tinea_groin
v-tinea-groin-72.jpg,tinea_groin
v-tinea-groin-87.jpg,tinea_groin
v-tinea-groin-9.jpg,tinea_groin
v-tinea-groin-97.jpg,tinea_groin
v-tinea-hand-dorsum-10.jpg,tinea_hand
v-tinea-hand-dorsum-17.jpg,tinea_hand
v-tinea-hand-dorsum-21.jpg,tinea_hand
v-tinea-hand-dorsum-25.jpg,tinea_hand
v-tinea-hand-dorsum-27.jpg,tinea_hand
v-tinea-hand-dorsum-29.jpg,tinea_hand
v-tinea-hand-dorsum-33.jpg,tinea_hand
v-tinea-hand-dorsum-34.jpg,tinea_hand
v-tinea-hand-dorsum-47.jpg,tinea_hand
v-tinea-hand-dorsum-58.jpg,tinea_hand
v-tinea-hand-dorsum-6.jpg,tinea_hand
v-tinea-incognito-11.jpg,tinea_incognito
v-tinea-incognito-17.jpg,tinea_incognito
v-tinea-incognito-2.jpg,tinea_incognito
v-tinea-incognito-22.jpg,tinea_incognito
v-tinea-incognito-27.jpg,tinea_incognito
v-tinea-incognito-32.jpg,tinea_incognito
v-tinea-incognito-38.jpg,tinea_incognito
v-tinea-incognito-4.jpg,tinea_incognito
v-tinea-incognito-41.jpg,tinea_incognito
v-tinea-incognito-47.jpg,tinea_incognito
v-tinea-incognito-49.jpg,tinea_incognito
v-tinea-incognito-5.jpg,tinea_incognito
v-tinea-incognito-52.jpg,tinea_incognito
v-tinea-incognito-54.jpg,tinea_incognito
v-tinea-incognito-59.jpg,tinea_incognito
v-tinea-incognito-8.jpg,tinea_incognito
v-tinea-laboratory-14.jpg,tinea_laboratory
v-tinea-laboratory-17.jpg,tinea_laboratory
v-tinea-laboratory-24.jpg,tinea_laboratory
v-tinea-laboratory-25.jpg,tinea_laboratory
v-tinea-laboratory-33.jpg,tinea_laboratory
v-tinea-laboratory-35.jpg,tinea_laboratory
v-tinea-laboratory-46.jpg,tinea_laboratory
v-tinea-laboratory-53.jpg,tinea_laboratory
v-tinea-laboratory-56.jpg,tinea_laboratory
v-tinea-palm-10.jpg,tinea_palm
v-tinea-palm-2.jpg,tinea_palm
v-tinea-palm-26.jpg,tinea_palm
v-tinea-palm-46.jpg,tinea_palm
v-tinea-palm-47.jpg,tinea_palm
v-tinea-palm-7.jpg,tinea_palm
v-tinea-primary-lesion-15.jpg,tinea_primary
v-tinea-primary-lesion-20.jpg,tinea_primary
v-tinea-primary-lesion-21.jpg,tinea_primary
v-tinea-primary-lesion-40.jpg,tinea_primary
v-tinea-primary-lesion-44.jpg,tinea_primary
v-tinea-primary-lesion-47.jpg,tinea_primary
v-tinea-primary-lesion-5.jpg,tinea_primary
v-tinea-primary-lesion-55.jpg,tinea_primary
v-tinea-primary-lesion-56.jpg,tinea_primary
v-tinea-scalp-13.jpg,tinea_scalp
v-tinea-scalp-24.jpg,tinea_scalp
v-tinea-scalp-25.jpg,tinea_scalp
v-tinea-scalp-27.jpg,tinea_scalp
v-tinea-scalp-28.jpg,tinea_scalp
v-tinea-scalp-31.jpg,tinea_scalp
v-tinea-scalp-36.jpg,tinea_scalp
v-tinea-scalp-41.jpg,tinea_scalp
v-tinea-scalp-46.jpg,tinea_scalp
v-tinea-scalp-47.jpg,tinea_scalp
v-tinea-scalp-49.jpg,tinea_scalp
v-tinea-scalp-5.jpg,tinea_scalp
v-tinea-scalp-55.jpg,tinea_scalp
v-tinea-scalp-66.jpg,tinea_scalp
v-tinea-scalp-8.jpg,tinea_scalp
v-tinea-versicolor-1.jpg,tinea_versicolor
v-tinea-versicolor-106.jpg,tinea_versicolor
v-tinea-versicolor-11.jpg,tinea_versicolor
v-tinea-versicolor-114.jpg,tinea_versicolor
v-tinea-versicolor-118.jpg,tinea_versicolor
v-tinea-versicolor-137.jpg,tinea_versicolor
v-tinea-versicolor-149.jpg,tinea_versicolor
v-tinea-versicolor-159.jpg,tinea_versicolor
v-tinea-versicolor-164.jpg,tinea_versicolor
v-tinea-versicolor-166.jpg,tinea_versicolor
v-tinea-versicolor-168.jpg,tinea_versicolor
v-tinea-versicolor-169.jpg,tinea_versicolor
v-tinea-versicolor-172.jpg,tinea_versicolor
v-tinea-versicolor-176.jpg,tinea_versicolor
v-tinea-versicolor-178.jpg,tinea_versicolor
v-tinea-versicolor-180.jpg,tinea_versicolor
v-tinea-versicolor-186.jpg,tinea_versicolor
v-tinea-versicolor-188.jpg,tinea_versicolor
v-tinea-versicolor-191.jpg,tinea_versicolor
v-tinea-versicolor-195.jpg,tinea_versicolor
v-tinea-versicolor-8.jpg,tinea_versicolor
v-tinea-versicolor-81.jpg,tinea_versicolor
v-tinea-versicolor-82.jpg,tinea_versicolor
v-tinea-versicolor-86.jpg,tinea_versicolor
v-tinea-versicolor-87.jpg,tinea_versicolor
v-tinea-versicolor-89.jpg,tinea_versicolor
v-tinea-versicolor-94.jpg,tinea_versicolor
v-tinea-versicolor-97.jpg,tinea_versicolor
v-trichofolliculoma-2.jpg,trichofolliculoma
v-trichofolliculoma-5.jpg,trichofolliculoma
